-- ecshop v2.x SQL Dump Program
-- http://gogediao.com
-- 
-- DATE : 2014-11-01 16:23:28
-- MYSQL SERVER VERSION : 5.1.61
-- PHP VERSION : 5.2.17p1
-- ECShop VERSION : v2.7.3
-- Vol : 2
INSERT INTO `ecs_stats` ( `access_time`, `ip_address`, `visit_times`, `browser`, `system`, `language`, `area`, `referer_domain`, `referer_path`, `access_url` ) VALUES  ('1409870497', '106.38.203.115', '11', 'Safari 537.36', 'Windows NT', 'zh-CN,zh', 'IANA', '', '', '/tmxx/index.php');
INSERT INTO `ecs_stats` ( `access_time`, `ip_address`, `visit_times`, `browser`, `system`, `language`, `area`, `referer_domain`, `referer_path`, `access_url` ) VALUES  ('1410202726', '123.114.136.156', '71', 'FireFox 31.0', 'Windows NT', 'zh,en-us', '', '', '', '/tmxx/index.php');
INSERT INTO `ecs_stats` ( `access_time`, `ip_address`, `visit_times`, `browser`, `system`, `language`, `area`, `referer_domain`, `referer_path`, `access_url` ) VALUES  ('1410219640', '115.225.20.161', '10', 'FireFox 31.0', 'Windows NT', 'zh-cn,zh', 'IANA', '', '', '/tmxx/index.php');
INSERT INTO `ecs_stats` ( `access_time`, `ip_address`, `visit_times`, `browser`, `system`, `language`, `area`, `referer_domain`, `referer_path`, `access_url` ) VALUES  ('1410219664', '115.225.20.161', '12', 'FireFox 31.0', 'Windows NT', 'zh-cn,zh', 'IANA', '', '', '/tmxx/index.php');
INSERT INTO `ecs_stats` ( `access_time`, `ip_address`, `visit_times`, `browser`, `system`, `language`, `area`, `referer_domain`, `referer_path`, `access_url` ) VALUES  ('1410220035', '115.225.20.161', '15', 'FireFox 31.0', 'Windows NT', 'zh-cn,zh', 'IANA', '', '', '/tmxx/index.php');
INSERT INTO `ecs_stats` ( `access_time`, `ip_address`, `visit_times`, `browser`, `system`, `language`, `area`, `referer_domain`, `referer_path`, `access_url` ) VALUES  ('1410245001', '106.38.203.103', '1', 'Safari 537.36', 'Windows NT', 'zh-CN,zh', 'IANA', '', '', '/tmxx/index.php');
INSERT INTO `ecs_stats` ( `access_time`, `ip_address`, `visit_times`, `browser`, `system`, `language`, `area`, `referer_domain`, `referer_path`, `access_url` ) VALUES  ('1410312494', '119.147.21.144', '1', 'Internet Explorer 9.0', 'Windows NT', 'zh-cn', 'APNIC', 'http://mb.shishangfans.com', '/tmxx', '/tmxx/index.php');
INSERT INTO `ecs_stats` ( `access_time`, `ip_address`, `visit_times`, `browser`, `system`, `language`, `area`, `referer_domain`, `referer_path`, `access_url` ) VALUES  ('1410312502', '222.90.207.134', '1', 'Safari 537.36', 'Windows XP', 'zh-CN,zh', '', '', '', '/tmxx/index.php');
INSERT INTO `ecs_stats` ( `access_time`, `ip_address`, `visit_times`, `browser`, `system`, `language`, `area`, `referer_domain`, `referer_path`, `access_url` ) VALUES  ('1410501497', '58.60.189.120', '30', 'Safari 537.36', 'Windows XP', 'zh-CN,zh', '', '', '', '/tm1/index.php');
INSERT INTO `ecs_stats` ( `access_time`, `ip_address`, `visit_times`, `browser`, `system`, `language`, `area`, `referer_domain`, `referer_path`, `access_url` ) VALUES  ('1410809686', '113.108.103.33', '98', 'FireFox 29.0', 'Windows XP', 'zh-cn,zh', 'IANA', '', '', '/tm1/index.php');
INSERT INTO `ecs_stats` ( `access_time`, `ip_address`, `visit_times`, `browser`, `system`, `language`, `area`, `referer_domain`, `referer_path`, `access_url` ) VALUES  ('1410810095', '14.17.18.147', '1', 'Unknow browser', 'Unknown', 'zh-cn, zh', '', '', '', '/tm1/index.php');
INSERT INTO `ecs_stats` ( `access_time`, `ip_address`, `visit_times`, `browser`, `system`, `language`, `area`, `referer_domain`, `referer_path`, `access_url` ) VALUES  ('1410810097', '113.108.82.36', '1', 'Internet Explorer 9.0', 'Windows NT', 'zh-cn', 'IANA', 'http://mb.shishangfans.com', '/tm1', '/tm1/index.php');
INSERT INTO `ecs_stats` ( `access_time`, `ip_address`, `visit_times`, `browser`, `system`, `language`, `area`, `referer_domain`, `referer_path`, `access_url` ) VALUES  ('1410810097', '113.108.82.36', '1', 'Internet Explorer 9.0', 'Windows NT', 'zh-cn', 'IANA', 'http://mb.shishangfans.com', '/tm1', '/tm1/index.php');
INSERT INTO `ecs_stats` ( `access_time`, `ip_address`, `visit_times`, `browser`, `system`, `language`, `area`, `referer_domain`, `referer_path`, `access_url` ) VALUES  ('1410810208', '114.249.225.180', '1', 'Safari 537.36', 'Windows XP', 'zh-CN,zh', 'IANA', '', '', '/tm1/index.php');
INSERT INTO `ecs_stats` ( `access_time`, `ip_address`, `visit_times`, `browser`, `system`, `language`, `area`, `referer_domain`, `referer_path`, `access_url` ) VALUES  ('1410810310', '110.75.105.19', '1', 'Internet Explorer 8.0', 'Windows NT', 'en-US,*', 'IANA', '', '', '/tm1/index.php');
INSERT INTO `ecs_stats` ( `access_time`, `ip_address`, `visit_times`, `browser`, `system`, `language`, `area`, `referer_domain`, `referer_path`, `access_url` ) VALUES  ('1410810394', '110.75.105.244', '1', 'Internet Explorer 8.0', 'Windows NT', 'en-US,*', 'IANA', '', '', '/tm1/category.php');
INSERT INTO `ecs_stats` ( `access_time`, `ip_address`, `visit_times`, `browser`, `system`, `language`, `area`, `referer_domain`, `referer_path`, `access_url` ) VALUES  ('1410810428', '110.75.105.233', '1', 'Internet Explorer 8.0', 'Windows NT', 'en-US,*', 'IANA', '', '', '/tm1/category.php');
INSERT INTO `ecs_stats` ( `access_time`, `ip_address`, `visit_times`, `browser`, `system`, `language`, `area`, `referer_domain`, `referer_path`, `access_url` ) VALUES  ('1410810444', '110.75.105.228', '1', 'Internet Explorer 8.0', 'Windows NT', 'en-US,*', 'IANA', '', '', '/tm1/category.php');
INSERT INTO `ecs_stats` ( `access_time`, `ip_address`, `visit_times`, `browser`, `system`, `language`, `area`, `referer_domain`, `referer_path`, `access_url` ) VALUES  ('1410810455', '110.75.105.224', '1', 'Internet Explorer 8.0', 'Windows NT', 'en-US,*', 'IANA', '', '', '/tm1/category.php');
INSERT INTO `ecs_stats` ( `access_time`, `ip_address`, `visit_times`, `browser`, `system`, `language`, `area`, `referer_domain`, `referer_path`, `access_url` ) VALUES  ('1410810467', '110.75.105.220', '1', 'Internet Explorer 8.0', 'Windows NT', 'en-US,*', 'IANA', '', '', '/tm1/index.php');
INSERT INTO `ecs_stats` ( `access_time`, `ip_address`, `visit_times`, `browser`, `system`, `language`, `area`, `referer_domain`, `referer_path`, `access_url` ) VALUES  ('1410812122', '101.226.51.230', '1', 'Unknow browser', 'Unknown', 'zh-cn, zh', 'IANA', '', '', '/tm1/index.php');
INSERT INTO `ecs_stats` ( `access_time`, `ip_address`, `visit_times`, `browser`, `system`, `language`, `area`, `referer_domain`, `referer_path`, `access_url` ) VALUES  ('1410851890', '113.195.164.2', '6', 'Safari 537.36', 'Windows NT', 'zh-CN,zh', 'IANA', '', '', '/tm1/index.php');
INSERT INTO `ecs_stats` ( `access_time`, `ip_address`, `visit_times`, `browser`, `system`, `language`, `area`, `referer_domain`, `referer_path`, `access_url` ) VALUES  ('1410852296', '113.195.164.2', '9', 'Safari 537.36', 'Windows NT', 'zh-CN,zh', 'IANA', '', '', '/tm1/index.php');
INSERT INTO `ecs_stats` ( `access_time`, `ip_address`, `visit_times`, `browser`, `system`, `language`, `area`, `referer_domain`, `referer_path`, `access_url` ) VALUES  ('1410857769', '127.0.0.1', '4', 'Safari 537.36', 'Windows NT', 'zh-CN,zh', 'LAN', '', '', '/ecshop/tianmao1/index.php');
INSERT INTO `ecs_stats` ( `access_time`, `ip_address`, `visit_times`, `browser`, `system`, `language`, `area`, `referer_domain`, `referer_path`, `access_url` ) VALUES  ('1410862239', '127.0.0.1', '13', 'Safari 537.36', 'Windows NT', 'zh-CN,zh', 'LAN', 'http://127.0.0.1', '/ecshop/?C=M;O=D', '/ecshop/tianmao1/index.php');
INSERT INTO `ecs_stats` ( `access_time`, `ip_address`, `visit_times`, `browser`, `system`, `language`, `area`, `referer_domain`, `referer_path`, `access_url` ) VALUES  ('1410862270', '127.0.0.1', '3', 'Internet Explorer 10.0', 'Windows NT', 'zh-CN', 'LAN', '', '', '/ecshop/tianmao1/index.php');
INSERT INTO `ecs_stats` ( `access_time`, `ip_address`, `visit_times`, `browser`, `system`, `language`, `area`, `referer_domain`, `referer_path`, `access_url` ) VALUES  ('1412245032', '127.0.0.1', '14', 'Safari 537.36', 'Windows NT', 'zh-CN,zh', 'LAN', 'http://127.0.0.1', '/ecshop/', '/ecshop/tianmao1/index.php');
INSERT INTO `ecs_stats` ( `access_time`, `ip_address`, `visit_times`, `browser`, `system`, `language`, `area`, `referer_domain`, `referer_path`, `access_url` ) VALUES  ('1412915209', '192.168.1.135', '1', 'Safari 537.36', 'Windows XP', 'zh-CN,zh', 'LAN', 'http://192.168.1.103', '/ecshop/', '/ecshop/tianmao1/index.php');
INSERT INTO `ecs_stats` ( `access_time`, `ip_address`, `visit_times`, `browser`, `system`, `language`, `area`, `referer_domain`, `referer_path`, `access_url` ) VALUES  ('1413263654', '127.0.0.1', '7', 'Safari 537.36', 'Windows NT', 'zh-CN,zh', 'LAN', 'http://127.0.0.1', '/ecshop/', '/ecshop/tianmao1/index.php');
INSERT INTO `ecs_stats` ( `access_time`, `ip_address`, `visit_times`, `browser`, `system`, `language`, `area`, `referer_domain`, `referer_path`, `access_url` ) VALUES  ('1414792809', '111.126.69.233', '29', 'Safari 537.36', 'Windows NT', 'zh-CN,zh', 'IANA', '', '', '/index.php');
INSERT INTO `ecs_stats` ( `access_time`, `ip_address`, `visit_times`, `browser`, `system`, `language`, `area`, `referer_domain`, `referer_path`, `access_url` ) VALUES  ('1414792887', '157.55.39.124', '1', 'Unknow browser', 'Unknown', '', '', '', '', '/index.php');
INSERT INTO `ecs_stats` ( `access_time`, `ip_address`, `visit_times`, `browser`, `system`, `language`, `area`, `referer_domain`, `referer_path`, `access_url` ) VALUES  ('1414792941', '123.125.71.22', '1', 'Unknow browser', 'Unknown', 'zh-cn,zh-tw', '', '', '', '/index.php');
INSERT INTO `ecs_stats` ( `access_time`, `ip_address`, `visit_times`, `browser`, `system`, `language`, `area`, `referer_domain`, `referer_path`, `access_url` ) VALUES  ('1414793169', '207.46.13.86', '1', 'Unknow browser', 'Unknown', '', '', '', '', '/index.php');
INSERT INTO `ecs_stats` ( `access_time`, `ip_address`, `visit_times`, `browser`, `system`, `language`, `area`, `referer_domain`, `referer_path`, `access_url` ) VALUES  ('1414793230', '188.165.15.79', '1', 'Unknow browser', 'Unknown', '', '[δ֪IP0801]', '', '', '/category.php');
INSERT INTO `ecs_stats` ( `access_time`, `ip_address`, `visit_times`, `browser`, `system`, `language`, `area`, `referer_domain`, `referer_path`, `access_url` ) VALUES  ('1414793274', '188.165.15.32', '1', 'Unknow browser', 'Unknown', '', '[δ֪IP0801]', '', '', '/brand.php');
INSERT INTO `ecs_stats` ( `access_time`, `ip_address`, `visit_times`, `browser`, `system`, `language`, `area`, `referer_domain`, `referer_path`, `access_url` ) VALUES  ('1414793277', '123.125.71.29', '1', 'Unknow browser', 'Unknown', 'zh-cn,zh-tw', '', '', '', '/index.php');
INSERT INTO `ecs_stats` ( `access_time`, `ip_address`, `visit_times`, `browser`, `system`, `language`, `area`, `referer_domain`, `referer_path`, `access_url` ) VALUES  ('1414793280', '188.165.15.21', '1', 'Unknow browser', 'Unknown', '', '[δ֪IP0801]', '', '', '/goods.php');
INSERT INTO `ecs_stats` ( `access_time`, `ip_address`, `visit_times`, `browser`, `system`, `language`, `area`, `referer_domain`, `referer_path`, `access_url` ) VALUES  ('1414793341', '101.226.33.216', '1', 'Unknow browser', 'Unknown', 'zh-cn, zh', 'IANA', 'http://gogediao.com', '/category.php?id=18', '/goods.php');
INSERT INTO `ecs_stats` ( `access_time`, `ip_address`, `visit_times`, `browser`, `system`, `language`, `area`, `referer_domain`, `referer_path`, `access_url` ) VALUES  ('1414793384', '188.165.15.206', '1', 'Unknow browser', 'Unknown', '', '[δ֪IP0801]', '', '', '/category.php');
INSERT INTO `ecs_stats` ( `access_time`, `ip_address`, `visit_times`, `browser`, `system`, `language`, `area`, `referer_domain`, `referer_path`, `access_url` ) VALUES  ('1414793400', '188.165.15.99', '1', 'Unknow browser', 'Unknown', '', '[δ֪IP0801]', '', '', '/goods.php');
INSERT INTO `ecs_stats` ( `access_time`, `ip_address`, `visit_times`, `browser`, `system`, `language`, `area`, `referer_domain`, `referer_path`, `access_url` ) VALUES  ('1414793414', '188.165.15.99', '1', 'Unknow browser', 'Unknown', '', '[δ֪IP0801]', '', '', '/goods.php');
INSERT INTO `ecs_stats` ( `access_time`, `ip_address`, `visit_times`, `browser`, `system`, `language`, `area`, `referer_domain`, `referer_path`, `access_url` ) VALUES  ('1414793427', '188.165.15.236', '1', 'Unknow browser', 'Unknown', '', '[δ֪IP0801]', '', '', '/category.php');
INSERT INTO `ecs_stats` ( `access_time`, `ip_address`, `visit_times`, `browser`, `system`, `language`, `area`, `referer_domain`, `referer_path`, `access_url` ) VALUES  ('1414793441', '123.125.71.46', '1', 'Unknow browser', 'Unknown', 'zh-cn,zh-tw', '', '', '', '/index.php');
INSERT INTO `ecs_stats` ( `access_time`, `ip_address`, `visit_times`, `browser`, `system`, `language`, `area`, `referer_domain`, `referer_path`, `access_url` ) VALUES  ('1414793480', '188.165.15.99', '1', 'Unknow browser', 'Unknown', '', '[δ֪IP0801]', '', '', '/category.php');
INSERT INTO `ecs_stats` ( `access_time`, `ip_address`, `visit_times`, `browser`, `system`, `language`, `area`, `referer_domain`, `referer_path`, `access_url` ) VALUES  ('1414793607', '220.181.108.121', '1', 'Unknow browser', 'Unknown', 'zh-cn,zh-tw', '', '', '', '/index.php');
INSERT INTO `ecs_stats` ( `access_time`, `ip_address`, `visit_times`, `browser`, `system`, `language`, `area`, `referer_domain`, `referer_path`, `access_url` ) VALUES  ('1414793640', '188.165.15.130', '1', 'Unknow browser', 'Unknown', '', '[δ֪IP0801]', '', '', '/category.php');
INSERT INTO `ecs_stats` ( `access_time`, `ip_address`, `visit_times`, `browser`, `system`, `language`, `area`, `referer_domain`, `referer_path`, `access_url` ) VALUES  ('1414793777', '188.165.15.236', '1', 'Unknow browser', 'Unknown', '', '[δ֪IP0801]', '', '', '/goods.php');
INSERT INTO `ecs_stats` ( `access_time`, `ip_address`, `visit_times`, `browser`, `system`, `language`, `area`, `referer_domain`, `referer_path`, `access_url` ) VALUES  ('1414793785', '188.165.15.87', '1', 'Unknow browser', 'Unknown', '', '[δ֪IP0801]', '', '', '/category.php');
INSERT INTO `ecs_stats` ( `access_time`, `ip_address`, `visit_times`, `browser`, `system`, `language`, `area`, `referer_domain`, `referer_path`, `access_url` ) VALUES  ('1414793866', '188.165.15.87', '1', 'Unknow browser', 'Unknown', '', '[δ֪IP0801]', '', '', '/category.php');
INSERT INTO `ecs_stats` ( `access_time`, `ip_address`, `visit_times`, `browser`, `system`, `language`, `area`, `referer_domain`, `referer_path`, `access_url` ) VALUES  ('1414793940', '123.125.71.57', '1', 'Unknow browser', 'Unknown', 'zh-cn,zh-tw', '', '', '', '/index.php');
INSERT INTO `ecs_stats` ( `access_time`, `ip_address`, `visit_times`, `browser`, `system`, `language`, `area`, `referer_domain`, `referer_path`, `access_url` ) VALUES  ('1414793955', '188.165.15.236', '1', 'Unknow browser', 'Unknown', '', '[δ֪IP0801]', '', '', '/category.php');
INSERT INTO `ecs_stats` ( `access_time`, `ip_address`, `visit_times`, `browser`, `system`, `language`, `area`, `referer_domain`, `referer_path`, `access_url` ) VALUES  ('1414794139', '188.165.15.21', '1', 'Unknow browser', 'Unknown', '', '[δ֪IP0801]', '', '', '/goods.php');
INSERT INTO `ecs_stats` ( `access_time`, `ip_address`, `visit_times`, `browser`, `system`, `language`, `area`, `referer_domain`, `referer_path`, `access_url` ) VALUES  ('1414794146', '188.165.15.236', '1', 'Unknow browser', 'Unknown', '', '[δ֪IP0801]', '', '', '/goods.php');
INSERT INTO `ecs_stats` ( `access_time`, `ip_address`, `visit_times`, `browser`, `system`, `language`, `area`, `referer_domain`, `referer_path`, `access_url` ) VALUES  ('1414794273', '220.181.108.173', '1', 'Unknow browser', 'Unknown', 'zh-cn,zh-tw', '', '', '', '/index.php');
INSERT INTO `ecs_stats` ( `access_time`, `ip_address`, `visit_times`, `browser`, `system`, `language`, `area`, `referer_domain`, `referer_path`, `access_url` ) VALUES  ('1414794428', '188.165.15.130', '1', 'Unknow browser', 'Unknown', '', '[δ֪IP0801]', '', '', '/goods.php');
INSERT INTO `ecs_stats` ( `access_time`, `ip_address`, `visit_times`, `browser`, `system`, `language`, `area`, `referer_domain`, `referer_path`, `access_url` ) VALUES  ('1414794433', '188.165.15.176', '1', 'Unknow browser', 'Unknown', '', '[δ֪IP0801]', '', '', '/goods.php');
INSERT INTO `ecs_stats` ( `access_time`, `ip_address`, `visit_times`, `browser`, `system`, `language`, `area`, `referer_domain`, `referer_path`, `access_url` ) VALUES  ('1414794456', '188.165.15.236', '1', 'Unknow browser', 'Unknown', '', '[δ֪IP0801]', '', '', '/goods.php');
INSERT INTO `ecs_stats` ( `access_time`, `ip_address`, `visit_times`, `browser`, `system`, `language`, `area`, `referer_domain`, `referer_path`, `access_url` ) VALUES  ('1414794552', '188.165.15.87', '1', 'Unknow browser', 'Unknown', '', '[δ֪IP0801]', '', '', '/brand.php');
INSERT INTO `ecs_stats` ( `access_time`, `ip_address`, `visit_times`, `browser`, `system`, `language`, `area`, `referer_domain`, `referer_path`, `access_url` ) VALUES  ('1414794606', '123.125.71.42', '1', 'Unknow browser', 'Unknown', 'zh-cn,zh-tw', '', '', '', '/index.php');
INSERT INTO `ecs_stats` ( `access_time`, `ip_address`, `visit_times`, `browser`, `system`, `language`, `area`, `referer_domain`, `referer_path`, `access_url` ) VALUES  ('1414794636', '220.181.108.92', '1', 'Unknow browser', 'Unknown', 'zh-cn,zh-tw', '', '', '', '/index.php');
INSERT INTO `ecs_stats` ( `access_time`, `ip_address`, `visit_times`, `browser`, `system`, `language`, `area`, `referer_domain`, `referer_path`, `access_url` ) VALUES  ('1414794637', '188.165.15.236', '1', 'Unknow browser', 'Unknown', '', '[δ֪IP0801]', '', '', '/goods.php');
INSERT INTO `ecs_stats` ( `access_time`, `ip_address`, `visit_times`, `browser`, `system`, `language`, `area`, `referer_domain`, `referer_path`, `access_url` ) VALUES  ('1414794751', '188.165.15.21', '1', 'Unknow browser', 'Unknown', '', '[δ֪IP0801]', '', '', '/category.php');
INSERT INTO `ecs_stats` ( `access_time`, `ip_address`, `visit_times`, `browser`, `system`, `language`, `area`, `referer_domain`, `referer_path`, `access_url` ) VALUES  ('1414794773', '123.125.71.115', '1', 'Unknow browser', 'Unknown', 'zh-cn,zh-tw', '', '', '', '/index.php');
INSERT INTO `ecs_stats` ( `access_time`, `ip_address`, `visit_times`, `browser`, `system`, `language`, `area`, `referer_domain`, `referer_path`, `access_url` ) VALUES  ('1414794939', '220.181.108.117', '1', 'Unknow browser', 'Unknown', 'zh-cn,zh-tw', '', '', '', '/index.php');
INSERT INTO `ecs_stats` ( `access_time`, `ip_address`, `visit_times`, `browser`, `system`, `language`, `area`, `referer_domain`, `referer_path`, `access_url` ) VALUES  ('1414795038', '188.165.15.176', '1', 'Unknow browser', 'Unknown', '', '[δ֪IP0801]', '', '', '/category.php');
INSERT INTO `ecs_stats` ( `access_time`, `ip_address`, `visit_times`, `browser`, `system`, `language`, `area`, `referer_domain`, `referer_path`, `access_url` ) VALUES  ('1414795058', '123.151.37.144', '1', 'Safari 537.36', 'Windows XP', 'en,*', '', '', '', '/goods.php');
INSERT INTO `ecs_stats` ( `access_time`, `ip_address`, `visit_times`, `browser`, `system`, `language`, `area`, `referer_domain`, `referer_path`, `access_url` ) VALUES  ('1414795171', '188.165.15.206', '1', 'Unknow browser', 'Unknown', '', '[δ֪IP0801]', '', '', '/category.php');
INSERT INTO `ecs_stats` ( `access_time`, `ip_address`, `visit_times`, `browser`, `system`, `language`, `area`, `referer_domain`, `referer_path`, `access_url` ) VALUES  ('1414795258', '188.165.15.79', '1', 'Unknow browser', 'Unknown', '', '[δ֪IP0801]', '', '', '/category.php');
INSERT INTO `ecs_stats` ( `access_time`, `ip_address`, `visit_times`, `browser`, `system`, `language`, `area`, `referer_domain`, `referer_path`, `access_url` ) VALUES  ('1414795272', '123.125.71.49', '1', 'Unknow browser', 'Unknown', 'zh-cn,zh-tw', '', '', '', '/index.php');
INSERT INTO `ecs_stats` ( `access_time`, `ip_address`, `visit_times`, `browser`, `system`, `language`, `area`, `referer_domain`, `referer_path`, `access_url` ) VALUES  ('1414795282', '188.165.15.43', '1', 'Unknow browser', 'Unknown', '', '[δ֪IP0801]', '', '', '/category.php');
INSERT INTO `ecs_stats` ( `access_time`, `ip_address`, `visit_times`, `browser`, `system`, `language`, `area`, `referer_domain`, `referer_path`, `access_url` ) VALUES  ('1414795303', '157.55.39.124', '1', 'Unknow browser', 'Unknown', '', '', '', '', '/index.php');
INSERT INTO `ecs_stats` ( `access_time`, `ip_address`, `visit_times`, `browser`, `system`, `language`, `area`, `referer_domain`, `referer_path`, `access_url` ) VALUES  ('1414795307', '157.55.39.124', '1', 'Unknow browser', 'Unknown', '', '', '', '', '/index.php');
INSERT INTO `ecs_stats` ( `access_time`, `ip_address`, `visit_times`, `browser`, `system`, `language`, `area`, `referer_domain`, `referer_path`, `access_url` ) VALUES  ('1414795307', '188.165.15.32', '1', 'Unknow browser', 'Unknown', '', '[δ֪IP0801]', '', '', '/goods.php');
INSERT INTO `ecs_stats` ( `access_time`, `ip_address`, `visit_times`, `browser`, `system`, `language`, `area`, `referer_domain`, `referer_path`, `access_url` ) VALUES  ('1414795479', '188.165.15.32', '1', 'Unknow browser', 'Unknown', '', '[δ֪IP0801]', '', '', '/category.php');
INSERT INTO `ecs_stats` ( `access_time`, `ip_address`, `visit_times`, `browser`, `system`, `language`, `area`, `referer_domain`, `referer_path`, `access_url` ) VALUES  ('1414795605', '123.125.71.51', '1', 'Unknow browser', 'Unknown', 'zh-cn,zh-tw', '', '', '', '/category.php');
INSERT INTO `ecs_stats` ( `access_time`, `ip_address`, `visit_times`, `browser`, `system`, `language`, `area`, `referer_domain`, `referer_path`, `access_url` ) VALUES  ('1414795682', '157.55.39.124', '1', 'Unknow browser', 'Unknown', '', '', '', '', '/index.php');
INSERT INTO `ecs_stats` ( `access_time`, `ip_address`, `visit_times`, `browser`, `system`, `language`, `area`, `referer_domain`, `referer_path`, `access_url` ) VALUES  ('1414795684', '157.55.39.124', '1', 'Unknow browser', 'Unknown', '', '', '', '', '/index.php');
INSERT INTO `ecs_stats` ( `access_time`, `ip_address`, `visit_times`, `browser`, `system`, `language`, `area`, `referer_domain`, `referer_path`, `access_url` ) VALUES  ('1414795760', '188.165.15.21', '1', 'Unknow browser', 'Unknown', '', '[δ֪IP0801]', '', '', '/category.php');
INSERT INTO `ecs_stats` ( `access_time`, `ip_address`, `visit_times`, `browser`, `system`, `language`, `area`, `referer_domain`, `referer_path`, `access_url` ) VALUES  ('1414795771', '220.181.108.186', '1', 'Unknow browser', 'Unknown', 'zh-cn,zh-tw', '', '', '', '/index.php');
INSERT INTO `ecs_stats` ( `access_time`, `ip_address`, `visit_times`, `browser`, `system`, `language`, `area`, `referer_domain`, `referer_path`, `access_url` ) VALUES  ('1414795825', '188.165.15.236', '1', 'Unknow browser', 'Unknown', '', '[δ֪IP0801]', '', '', '/category.php');
INSERT INTO `ecs_stats` ( `access_time`, `ip_address`, `visit_times`, `browser`, `system`, `language`, `area`, `referer_domain`, `referer_path`, `access_url` ) VALUES  ('1414795938', '220.181.108.179', '1', 'Unknow browser', 'Unknown', 'zh-cn,zh-tw', '', '', '', '/index.php');
INSERT INTO `ecs_stats` ( `access_time`, `ip_address`, `visit_times`, `browser`, `system`, `language`, `area`, `referer_domain`, `referer_path`, `access_url` ) VALUES  ('1414795950', '163.177.69.37', '1', 'Unknow browser', 'Unknown', 'zh-cn, zh', '', '', '', '/index.php');
INSERT INTO `ecs_stats` ( `access_time`, `ip_address`, `visit_times`, `browser`, `system`, `language`, `area`, `referer_domain`, `referer_path`, `access_url` ) VALUES  ('1414795953', '101.226.66.176', '1', 'Safari 537.36', 'Windows XP', 'en,*', 'IANA', '', '', '/index.php');
INSERT INTO `ecs_stats` ( `access_time`, `ip_address`, `visit_times`, `browser`, `system`, `language`, `area`, `referer_domain`, `referer_path`, `access_url` ) VALUES  ('1414795977', '207.46.13.86', '1', 'Unknow browser', 'Unknown', '', '', '', '', '/index.php');
INSERT INTO `ecs_stats` ( `access_time`, `ip_address`, `visit_times`, `browser`, `system`, `language`, `area`, `referer_domain`, `referer_path`, `access_url` ) VALUES  ('1414795990', '157.55.39.124', '1', 'Unknow browser', 'Unknown', '', '', '', '', '/index.php');
INSERT INTO `ecs_stats` ( `access_time`, `ip_address`, `visit_times`, `browser`, `system`, `language`, `area`, `referer_domain`, `referer_path`, `access_url` ) VALUES  ('1414796041', '188.165.15.87', '1', 'Unknow browser', 'Unknown', '', '[δ֪IP0801]', '', '', '/goods.php');
INSERT INTO `ecs_stats` ( `access_time`, `ip_address`, `visit_times`, `browser`, `system`, `language`, `area`, `referer_domain`, `referer_path`, `access_url` ) VALUES  ('1414796104', '123.125.71.98', '1', 'Unknow browser', 'Unknown', 'zh-cn,zh-tw', '', '', '', '/index.php');
INSERT INTO `ecs_stats` ( `access_time`, `ip_address`, `visit_times`, `browser`, `system`, `language`, `area`, `referer_domain`, `referer_path`, `access_url` ) VALUES  ('1414796275', '157.55.39.124', '1', 'Unknow browser', 'Unknown', '', '', '', '', '/index.php');
INSERT INTO `ecs_stats` ( `access_time`, `ip_address`, `visit_times`, `browser`, `system`, `language`, `area`, `referer_domain`, `referer_path`, `access_url` ) VALUES  ('1414796332', '188.165.15.160', '1', 'Unknow browser', 'Unknown', '', '[δ֪IP0801]', '', '', '/goods.php');
INSERT INTO `ecs_stats` ( `access_time`, `ip_address`, `visit_times`, `browser`, `system`, `language`, `area`, `referer_domain`, `referer_path`, `access_url` ) VALUES  ('1414796345', '188.165.15.160', '1', 'Unknow browser', 'Unknown', '', '[δ֪IP0801]', '', '', '/brand.php');
INSERT INTO `ecs_stats` ( `access_time`, `ip_address`, `visit_times`, `browser`, `system`, `language`, `area`, `referer_domain`, `referer_path`, `access_url` ) VALUES  ('1414796437', '220.181.108.176', '1', 'Unknow browser', 'Unknown', 'zh-cn,zh-tw', '', '', '', '/index.php');
INSERT INTO `ecs_stats` ( `access_time`, `ip_address`, `visit_times`, `browser`, `system`, `language`, `area`, `referer_domain`, `referer_path`, `access_url` ) VALUES  ('1414796461', '188.165.15.32', '1', 'Unknow browser', 'Unknown', '', '[δ֪IP0801]', '', '', '/goods.php');
INSERT INTO `ecs_stats` ( `access_time`, `ip_address`, `visit_times`, `browser`, `system`, `language`, `area`, `referer_domain`, `referer_path`, `access_url` ) VALUES  ('1414796604', '123.125.71.44', '1', 'Unknow browser', 'Unknown', 'zh-cn,zh-tw', '', '', '', '/category.php');
INSERT INTO `ecs_stats` ( `access_time`, `ip_address`, `visit_times`, `browser`, `system`, `language`, `area`, `referer_domain`, `referer_path`, `access_url` ) VALUES  ('1414796699', '188.165.15.21', '1', 'Unknow browser', 'Unknown', '', '[δ֪IP0801]', '', '', '/goods.php');
INSERT INTO `ecs_stats` ( `access_time`, `ip_address`, `visit_times`, `browser`, `system`, `language`, `area`, `referer_domain`, `referer_path`, `access_url` ) VALUES  ('1414796770', '123.125.71.22', '1', 'Unknow browser', 'Unknown', 'zh-cn,zh-tw', '', '', '', '/index.php');
INSERT INTO `ecs_stats` ( `access_time`, `ip_address`, `visit_times`, `browser`, `system`, `language`, `area`, `referer_domain`, `referer_path`, `access_url` ) VALUES  ('1414796914', '188.165.15.21', '1', 'Unknow browser', 'Unknown', '', '[δ֪IP0801]', '', '', '/goods.php');
INSERT INTO `ecs_stats` ( `access_time`, `ip_address`, `visit_times`, `browser`, `system`, `language`, `area`, `referer_domain`, `referer_path`, `access_url` ) VALUES  ('1414796996', '188.165.15.43', '1', 'Unknow browser', 'Unknown', '', '[δ֪IP0801]', '', '', '/index.php');
INSERT INTO `ecs_stats` ( `access_time`, `ip_address`, `visit_times`, `browser`, `system`, `language`, `area`, `referer_domain`, `referer_path`, `access_url` ) VALUES  ('1414797018', '188.165.15.87', '1', 'Unknow browser', 'Unknown', '', '[δ֪IP0801]', '', '', '/goods.php');
INSERT INTO `ecs_stats` ( `access_time`, `ip_address`, `visit_times`, `browser`, `system`, `language`, `area`, `referer_domain`, `referer_path`, `access_url` ) VALUES  ('1414797103', '220.181.108.113', '1', 'Unknow browser', 'Unknown', 'zh-cn,zh-tw', '', '', '', '/index.php');
INSERT INTO `ecs_stats` ( `access_time`, `ip_address`, `visit_times`, `browser`, `system`, `language`, `area`, `referer_domain`, `referer_path`, `access_url` ) VALUES  ('1414797148', '188.165.15.21', '1', 'Unknow browser', 'Unknown', '', '[δ֪IP0801]', '', '', '/goods.php');
INSERT INTO `ecs_stats` ( `access_time`, `ip_address`, `visit_times`, `browser`, `system`, `language`, `area`, `referer_domain`, `referer_path`, `access_url` ) VALUES  ('1414797189', '188.165.15.176', '1', 'Unknow browser', 'Unknown', '', '[δ֪IP0801]', '', '', '/index.php');
INSERT INTO `ecs_stats` ( `access_time`, `ip_address`, `visit_times`, `browser`, `system`, `language`, `area`, `referer_domain`, `referer_path`, `access_url` ) VALUES  ('1414797270', '123.125.71.112', '1', 'Unknow browser', 'Unknown', 'zh-cn,zh-tw', '', '', '', '/index.php');
INSERT INTO `ecs_stats` ( `access_time`, `ip_address`, `visit_times`, `browser`, `system`, `language`, `area`, `referer_domain`, `referer_path`, `access_url` ) VALUES  ('1414797436', '220.181.108.150', '1', 'Unknow browser', 'Unknown', 'zh-cn,zh-tw', '', '', '', '/index.php');
INSERT INTO `ecs_stats` ( `access_time`, `ip_address`, `visit_times`, `browser`, `system`, `language`, `area`, `referer_domain`, `referer_path`, `access_url` ) VALUES  ('1414797446', '188.165.15.99', '1', 'Unknow browser', 'Unknown', '', '[δ֪IP0801]', '', '', '/goods.php');
INSERT INTO `ecs_stats` ( `access_time`, `ip_address`, `visit_times`, `browser`, `system`, `language`, `area`, `referer_domain`, `referer_path`, `access_url` ) VALUES  ('1414797475', '188.165.15.130', '1', 'Unknow browser', 'Unknown', '', '[δ֪IP0801]', '', '', '/category.php');
INSERT INTO `ecs_stats` ( `access_time`, `ip_address`, `visit_times`, `browser`, `system`, `language`, `area`, `referer_domain`, `referer_path`, `access_url` ) VALUES  ('1414797538', '157.55.39.124', '1', 'Unknow browser', 'Unknown', '', '', '', '', '/index.php');
INSERT INTO `ecs_stats` ( `access_time`, `ip_address`, `visit_times`, `browser`, `system`, `language`, `area`, `referer_domain`, `referer_path`, `access_url` ) VALUES  ('1414797699', '61.135.187.48', '1', 'Safari 537.36', 'Windows XP', 'en,*', '', '', '', '/index.php');
INSERT INTO `ecs_stats` ( `access_time`, `ip_address`, `visit_times`, `browser`, `system`, `language`, `area`, `referer_domain`, `referer_path`, `access_url` ) VALUES  ('1414797758', '188.165.15.99', '1', 'Unknow browser', 'Unknown', '', '[δ֪IP0801]', '', '', '/category.php');
INSERT INTO `ecs_stats` ( `access_time`, `ip_address`, `visit_times`, `browser`, `system`, `language`, `area`, `referer_domain`, `referer_path`, `access_url` ) VALUES  ('1414797769', '123.125.71.31', '1', 'Unknow browser', 'Unknown', 'zh-cn,zh-tw', '', '', '', '/index.php');
INSERT INTO `ecs_stats` ( `access_time`, `ip_address`, `visit_times`, `browser`, `system`, `language`, `area`, `referer_domain`, `referer_path`, `access_url` ) VALUES  ('1414797935', '220.181.108.187', '1', 'Unknow browser', 'Unknown', 'zh-cn,zh-tw', '', '', '', '/index.php');
INSERT INTO `ecs_stats` ( `access_time`, `ip_address`, `visit_times`, `browser`, `system`, `language`, `area`, `referer_domain`, `referer_path`, `access_url` ) VALUES  ('1414797968', '188.165.15.99', '1', 'Unknow browser', 'Unknown', '', '[δ֪IP0801]', '', '', '/goods.php');
INSERT INTO `ecs_stats` ( `access_time`, `ip_address`, `visit_times`, `browser`, `system`, `language`, `area`, `referer_domain`, `referer_path`, `access_url` ) VALUES  ('1414798011', '188.165.15.130', '1', 'Unknow browser', 'Unknown', '', '[δ֪IP0801]', '', '', '/category.php');
INSERT INTO `ecs_stats` ( `access_time`, `ip_address`, `visit_times`, `browser`, `system`, `language`, `area`, `referer_domain`, `referer_path`, `access_url` ) VALUES  ('1414798056', '157.55.39.124', '1', 'Unknow browser', 'Unknown', '', '', '', '', '/flow.php');
INSERT INTO `ecs_stats` ( `access_time`, `ip_address`, `visit_times`, `browser`, `system`, `language`, `area`, `referer_domain`, `referer_path`, `access_url` ) VALUES  ('1414798245', '188.165.15.176', '1', 'Unknow browser', 'Unknown', '', '[δ֪IP0801]', '', '', '/goods.php');
INSERT INTO `ecs_stats` ( `access_time`, `ip_address`, `visit_times`, `browser`, `system`, `language`, `area`, `referer_domain`, `referer_path`, `access_url` ) VALUES  ('1414798269', '123.125.71.31', '1', 'Unknow browser', 'Unknown', 'zh-cn,zh-tw', '', '', '', '/index.php');
INSERT INTO `ecs_stats` ( `access_time`, `ip_address`, `visit_times`, `browser`, `system`, `language`, `area`, `referer_domain`, `referer_path`, `access_url` ) VALUES  ('1414798347', '188.165.15.99', '1', 'Unknow browser', 'Unknown', '', '[δ֪IP0801]', '', '', '/category.php');
INSERT INTO `ecs_stats` ( `access_time`, `ip_address`, `visit_times`, `browser`, `system`, `language`, `area`, `referer_domain`, `referer_path`, `access_url` ) VALUES  ('1414798481', '188.165.15.176', '1', 'Unknow browser', 'Unknown', '', '[δ֪IP0801]', '', '', '/category.php');
INSERT INTO `ecs_stats` ( `access_time`, `ip_address`, `visit_times`, `browser`, `system`, `language`, `area`, `referer_domain`, `referer_path`, `access_url` ) VALUES  ('1414798487', '188.165.15.87', '1', 'Unknow browser', 'Unknown', '', '[δ֪IP0801]', '', '', '/category.php');
INSERT INTO `ecs_stats` ( `access_time`, `ip_address`, `visit_times`, `browser`, `system`, `language`, `area`, `referer_domain`, `referer_path`, `access_url` ) VALUES  ('1414798602', '123.125.71.96', '1', 'Unknow browser', 'Unknown', 'zh-cn,zh-tw', '', '', '', '/index.php');
INSERT INTO `ecs_stats` ( `access_time`, `ip_address`, `visit_times`, `browser`, `system`, `language`, `area`, `referer_domain`, `referer_path`, `access_url` ) VALUES  ('1414798768', '123.125.71.101', '1', 'Unknow browser', 'Unknown', 'zh-cn,zh-tw', '', '', '', '/index.php');
INSERT INTO `ecs_stats` ( `access_time`, `ip_address`, `visit_times`, `browser`, `system`, `language`, `area`, `referer_domain`, `referer_path`, `access_url` ) VALUES  ('1414798934', '220.181.108.171', '1', 'Unknow browser', 'Unknown', 'zh-cn,zh-tw', '', '', '', '/category.php');
INSERT INTO `ecs_stats` ( `access_time`, `ip_address`, `visit_times`, `browser`, `system`, `language`, `area`, `referer_domain`, `referer_path`, `access_url` ) VALUES  ('1414798941', '157.55.39.130', '1', 'Unknow browser', 'Unknown', '', '', '', '', '/index.php');
INSERT INTO `ecs_stats` ( `access_time`, `ip_address`, `visit_times`, `browser`, `system`, `language`, `area`, `referer_domain`, `referer_path`, `access_url` ) VALUES  ('1414798964', '157.55.39.124', '1', 'Unknow browser', 'Unknown', '', '', '', '', '/index.php');
INSERT INTO `ecs_stats` ( `access_time`, `ip_address`, `visit_times`, `browser`, `system`, `language`, `area`, `referer_domain`, `referer_path`, `access_url` ) VALUES  ('1414799051', '157.55.39.124', '1', 'Unknow browser', 'Unknown', '', '', '', '', '/index.php');
INSERT INTO `ecs_stats` ( `access_time`, `ip_address`, `visit_times`, `browser`, `system`, `language`, `area`, `referer_domain`, `referer_path`, `access_url` ) VALUES  ('1414799176', '188.165.15.43', '1', 'Unknow browser', 'Unknown', '', '[δ֪IP0801]', '', '', '/category.php');
INSERT INTO `ecs_stats` ( `access_time`, `ip_address`, `visit_times`, `browser`, `system`, `language`, `area`, `referer_domain`, `referer_path`, `access_url` ) VALUES  ('1414799226', '157.55.39.130', '1', 'Unknow browser', 'Unknown', '', '', '', '', '/index.php');
INSERT INTO `ecs_stats` ( `access_time`, `ip_address`, `visit_times`, `browser`, `system`, `language`, `area`, `referer_domain`, `referer_path`, `access_url` ) VALUES  ('1414799228', '157.55.39.130', '1', 'Unknow browser', 'Unknown', '', '', '', '', '/index.php');
INSERT INTO `ecs_stats` ( `access_time`, `ip_address`, `visit_times`, `browser`, `system`, `language`, `area`, `referer_domain`, `referer_path`, `access_url` ) VALUES  ('1414799267', '123.125.71.58', '1', 'Unknow browser', 'Unknown', 'zh-cn,zh-tw', '', '', '', '/index.php');
INSERT INTO `ecs_stats` ( `access_time`, `ip_address`, `visit_times`, `browser`, `system`, `language`, `area`, `referer_domain`, `referer_path`, `access_url` ) VALUES  ('1414799274', '188.165.15.43', '1', 'Unknow browser', 'Unknown', '', '[δ֪IP0801]', '', '', '/goods.php');
INSERT INTO `ecs_stats` ( `access_time`, `ip_address`, `visit_times`, `browser`, `system`, `language`, `area`, `referer_domain`, `referer_path`, `access_url` ) VALUES  ('1414799317', '188.165.15.79', '1', 'Unknow browser', 'Unknown', '', '[δ֪IP0801]', '', '', '/category.php');
INSERT INTO `ecs_stats` ( `access_time`, `ip_address`, `visit_times`, `browser`, `system`, `language`, `area`, `referer_domain`, `referer_path`, `access_url` ) VALUES  ('1414799394', '188.165.15.206', '1', 'Unknow browser', 'Unknown', '', '[δ֪IP0801]', '', '', '/category.php');
INSERT INTO `ecs_stats` ( `access_time`, `ip_address`, `visit_times`, `browser`, `system`, `language`, `area`, `referer_domain`, `referer_path`, `access_url` ) VALUES  ('1414799421', '188.165.15.176', '1', 'Unknow browser', 'Unknown', '', '[δ֪IP0801]', '', '', '/category.php');
INSERT INTO `ecs_stats` ( `access_time`, `ip_address`, `visit_times`, `browser`, `system`, `language`, `area`, `referer_domain`, `referer_path`, `access_url` ) VALUES  ('1414799558', '188.165.15.206', '1', 'Unknow browser', 'Unknown', '', '[δ֪IP0801]', '', '', '/index.php');
INSERT INTO `ecs_stats` ( `access_time`, `ip_address`, `visit_times`, `browser`, `system`, `language`, `area`, `referer_domain`, `referer_path`, `access_url` ) VALUES  ('1414799600', '123.125.71.54', '1', 'Unknow browser', 'Unknown', 'zh-cn,zh-tw', '', '', '', '/index.php');
INSERT INTO `ecs_stats` ( `access_time`, `ip_address`, `visit_times`, `browser`, `system`, `language`, `area`, `referer_domain`, `referer_path`, `access_url` ) VALUES  ('1414799721', '157.55.39.124', '1', 'Unknow browser', 'Unknown', '', '', '', '', '/index.php');
INSERT INTO `ecs_stats` ( `access_time`, `ip_address`, `visit_times`, `browser`, `system`, `language`, `area`, `referer_domain`, `referer_path`, `access_url` ) VALUES  ('1414799773', '188.165.15.21', '1', 'Unknow browser', 'Unknown', '', '[δ֪IP0801]', '', '', '/category.php');
INSERT INTO `ecs_stats` ( `access_time`, `ip_address`, `visit_times`, `browser`, `system`, `language`, `area`, `referer_domain`, `referer_path`, `access_url` ) VALUES  ('1414799810', '123.174.145.203', '5', 'FireFox 30.0', 'Windows NT', 'zh-cn,zh', 'ɽ', '', '', '/index.php');
INSERT INTO `ecs_stats` ( `access_time`, `ip_address`, `visit_times`, `browser`, `system`, `language`, `area`, `referer_domain`, `referer_path`, `access_url` ) VALUES  ('1414799925', '188.165.15.130', '1', 'Unknow browser', 'Unknown', '', '[δ֪IP0801]', '', '', '/goods.php');
INSERT INTO `ecs_stats` ( `access_time`, `ip_address`, `visit_times`, `browser`, `system`, `language`, `area`, `referer_domain`, `referer_path`, `access_url` ) VALUES  ('1414799933', '220.181.108.179', '1', 'Unknow browser', 'Unknown', 'zh-cn,zh-tw', '', '', '', '/index.php');
INSERT INTO `ecs_stats` ( `access_time`, `ip_address`, `visit_times`, `browser`, `system`, `language`, `area`, `referer_domain`, `referer_path`, `access_url` ) VALUES  ('1414799998', '188.165.15.21', '1', 'Unknow browser', 'Unknown', '', '[δ֪IP0801]', '', '', '/category.php');
INSERT INTO `ecs_stats` ( `access_time`, `ip_address`, `visit_times`, `browser`, `system`, `language`, `area`, `referer_domain`, `referer_path`, `access_url` ) VALUES  ('1414800098', '157.55.39.124', '1', 'Unknow browser', 'Unknown', '', '', '', '', '/index.php');
INSERT INTO `ecs_stats` ( `access_time`, `ip_address`, `visit_times`, `browser`, `system`, `language`, `area`, `referer_domain`, `referer_path`, `access_url` ) VALUES  ('1414800100', '123.125.71.30', '1', 'Unknow browser', 'Unknown', 'zh-cn,zh-tw', '', '', '', '/index.php');
INSERT INTO `ecs_stats` ( `access_time`, `ip_address`, `visit_times`, `browser`, `system`, `language`, `area`, `referer_domain`, `referer_path`, `access_url` ) VALUES  ('1414800130', '188.165.15.87', '1', 'Unknow browser', 'Unknown', '', '[δ֪IP0801]', '', '', '/category.php');
INSERT INTO `ecs_stats` ( `access_time`, `ip_address`, `visit_times`, `browser`, `system`, `language`, `area`, `referer_domain`, `referer_path`, `access_url` ) VALUES  ('1414800180', '188.165.15.79', '1', 'Unknow browser', 'Unknown', '', '[δ֪IP0801]', '', '', '/article.php');
INSERT INTO `ecs_stats` ( `access_time`, `ip_address`, `visit_times`, `browser`, `system`, `language`, `area`, `referer_domain`, `referer_path`, `access_url` ) VALUES  ('1414800208', '42.62.37.75', '1', 'Unknow browser', 'Unknown', '', 'IANA', '', '', '/category.php');
INSERT INTO `ecs_stats` ( `access_time`, `ip_address`, `visit_times`, `browser`, `system`, `language`, `area`, `referer_domain`, `referer_path`, `access_url` ) VALUES  ('1414800232', '188.165.15.32', '1', 'Unknow browser', 'Unknown', '', '[δ֪IP0801]', '', '', '/user.php');
INSERT INTO `ecs_stats` ( `access_time`, `ip_address`, `visit_times`, `browser`, `system`, `language`, `area`, `referer_domain`, `referer_path`, `access_url` ) VALUES  ('1414800266', '220.181.108.115', '1', 'Unknow browser', 'Unknown', 'zh-cn,zh-tw', '', '', '', '/category.php');
INSERT INTO `ecs_stats` ( `access_time`, `ip_address`, `visit_times`, `browser`, `system`, `language`, `area`, `referer_domain`, `referer_path`, `access_url` ) VALUES  ('1414800282', '157.55.39.124', '1', 'Unknow browser', 'Unknown', '', '', '', '', '/index.php');
INSERT INTO `ecs_stats` ( `access_time`, `ip_address`, `visit_times`, `browser`, `system`, `language`, `area`, `referer_domain`, `referer_path`, `access_url` ) VALUES  ('1414800433', '123.125.71.54', '1', 'Unknow browser', 'Unknown', 'zh-cn,zh-tw', '', '', '', '/index.php');
INSERT INTO `ecs_stats` ( `access_time`, `ip_address`, `visit_times`, `browser`, `system`, `language`, `area`, `referer_domain`, `referer_path`, `access_url` ) VALUES  ('1414800454', '188.165.15.87', '1', 'Unknow browser', 'Unknown', '', '[δ֪IP0801]', '', '', '/goods.php');
INSERT INTO `ecs_stats` ( `access_time`, `ip_address`, `visit_times`, `browser`, `system`, `language`, `area`, `referer_domain`, `referer_path`, `access_url` ) VALUES  ('1414800497', '207.46.13.86', '1', 'Unknow browser', 'Unknown', '', '', '', '', '/index.php');
INSERT INTO `ecs_stats` ( `access_time`, `ip_address`, `visit_times`, `browser`, `system`, `language`, `area`, `referer_domain`, `referer_path`, `access_url` ) VALUES  ('1414800599', '220.181.108.167', '1', 'Unknow browser', 'Unknown', 'zh-cn,zh-tw', '', '', '', '/category.php');
INSERT INTO `ecs_stats` ( `access_time`, `ip_address`, `visit_times`, `browser`, `system`, `language`, `area`, `referer_domain`, `referer_path`, `access_url` ) VALUES  ('1414800668', '207.46.13.86', '1', 'Unknow browser', 'Unknown', '', '', '', '', '/index.php');
INSERT INTO `ecs_stats` ( `access_time`, `ip_address`, `visit_times`, `browser`, `system`, `language`, `area`, `referer_domain`, `referer_path`, `access_url` ) VALUES  ('1414800748', '188.165.15.176', '1', 'Unknow browser', 'Unknown', '', '[δ֪IP0801]', '', '', '/brand.php');
INSERT INTO `ecs_stats` ( `access_time`, `ip_address`, `visit_times`, `browser`, `system`, `language`, `area`, `referer_domain`, `referer_path`, `access_url` ) VALUES  ('1414800766', '220.181.108.151', '1', 'Unknow browser', 'Unknown', 'zh-cn,zh-tw', '', '', '', '/index.php');
INSERT INTO `ecs_stats` ( `access_time`, `ip_address`, `visit_times`, `browser`, `system`, `language`, `area`, `referer_domain`, `referer_path`, `access_url` ) VALUES  ('1414800767', '188.165.15.99', '1', 'Unknow browser', 'Unknown', '', '[δ֪IP0801]', '', '', '/category.php');
INSERT INTO `ecs_stats` ( `access_time`, `ip_address`, `visit_times`, `browser`, `system`, `language`, `area`, `referer_domain`, `referer_path`, `access_url` ) VALUES  ('1414800839', '188.165.15.79', '1', 'Unknow browser', 'Unknown', '', '[δ֪IP0801]', '', '', '/category.php');
INSERT INTO `ecs_stats` ( `access_time`, `ip_address`, `visit_times`, `browser`, `system`, `language`, `area`, `referer_domain`, `referer_path`, `access_url` ) VALUES  ('1414801004', '188.165.15.206', '1', 'Unknow browser', 'Unknown', '', '[δ֪IP0801]', '', '', '/category.php');
INSERT INTO `ecs_stats` ( `access_time`, `ip_address`, `visit_times`, `browser`, `system`, `language`, `area`, `referer_domain`, `referer_path`, `access_url` ) VALUES  ('1414801099', '123.125.71.75', '1', 'Unknow browser', 'Unknown', 'zh-cn,zh-tw', '', '', '', '/index.php');
INSERT INTO `ecs_stats` ( `access_time`, `ip_address`, `visit_times`, `browser`, `system`, `language`, `area`, `referer_domain`, `referer_path`, `access_url` ) VALUES  ('1414801308', '207.46.13.86', '1', 'Unknow browser', 'Unknown', '', '', '', '', '/index.php');
INSERT INTO `ecs_stats` ( `access_time`, `ip_address`, `visit_times`, `browser`, `system`, `language`, `area`, `referer_domain`, `referer_path`, `access_url` ) VALUES  ('1414801349', '188.165.15.32', '1', 'Unknow browser', 'Unknown', '', '[δ֪IP0801]', '', '', '/index.php');
DROP TABLE IF EXISTS `ecs_suppliers`;
CREATE TABLE `ecs_suppliers` (
  `suppliers_id` smallint(5) unsigned NOT NULL AUTO_INCREMENT,
  `suppliers_name` varchar(255) DEFAULT NULL,
  `suppliers_desc` mediumtext,
  `is_check` tinyint(1) unsigned NOT NULL DEFAULT '1',
  PRIMARY KEY (`suppliers_id`)
) ENGINE=MyISAM DEFAULT CHARSET=utf8;
INSERT INTO `ecs_suppliers` ( `suppliers_id`, `suppliers_name`, `suppliers_desc`, `is_check` ) VALUES  ('1', '北京供货商', '北京供货商', '1');
INSERT INTO `ecs_suppliers` ( `suppliers_id`, `suppliers_name`, `suppliers_desc`, `is_check` ) VALUES  ('2', '上海供货商', '上海供货商', '1');
DROP TABLE IF EXISTS `ecs_tag`;
CREATE TABLE `ecs_tag` (
  `tag_id` mediumint(8) NOT NULL AUTO_INCREMENT,
  `user_id` mediumint(8) unsigned NOT NULL DEFAULT '0',
  `goods_id` mediumint(8) unsigned NOT NULL DEFAULT '0',
  `tag_words` varchar(255) NOT NULL DEFAULT '',
  PRIMARY KEY (`tag_id`),
  KEY `user_id` (`user_id`),
  KEY `goods_id` (`goods_id`)
) ENGINE=MyISAM DEFAULT CHARSET=utf8;
INSERT INTO `ecs_tag` ( `tag_id`, `user_id`, `goods_id`, `tag_words` ) VALUES  ('1', '0', '13', '音乐手机');
INSERT INTO `ecs_tag` ( `tag_id`, `user_id`, `goods_id`, `tag_words` ) VALUES  ('2', '0', '14', '音乐手机');
INSERT INTO `ecs_tag` ( `tag_id`, `user_id`, `goods_id`, `tag_words` ) VALUES  ('3', '0', '23', '音乐手机');
INSERT INTO `ecs_tag` ( `tag_id`, `user_id`, `goods_id`, `tag_words` ) VALUES  ('4', '0', '23', '智能手机');
INSERT INTO `ecs_tag` ( `tag_id`, `user_id`, `goods_id`, `tag_words` ) VALUES  ('5', '0', '14', '智能手机');
INSERT INTO `ecs_tag` ( `tag_id`, `user_id`, `goods_id`, `tag_words` ) VALUES  ('6', '0', '22', '智能手机');
INSERT INTO `ecs_tag` ( `tag_id`, `user_id`, `goods_id`, `tag_words` ) VALUES  ('7', '0', '31', '音乐手机');
DROP TABLE IF EXISTS `ecs_template`;
CREATE TABLE `ecs_template` (
  `filename` varchar(30) NOT NULL DEFAULT '',
  `region` varchar(40) NOT NULL DEFAULT '',
  `library` varchar(40) NOT NULL DEFAULT '',
  `sort_order` tinyint(1) unsigned NOT NULL DEFAULT '0',
  `id` smallint(5) unsigned NOT NULL DEFAULT '0',
  `number` tinyint(1) unsigned NOT NULL DEFAULT '5',
  `type` tinyint(1) unsigned NOT NULL DEFAULT '0',
  `theme` varchar(60) NOT NULL DEFAULT '',
  `remarks` varchar(30) NOT NULL DEFAULT '',
  KEY `filename` (`filename`,`region`),
  KEY `theme` (`theme`),
  KEY `remarks` (`remarks`)
) ENGINE=MyISAM DEFAULT CHARSET=utf8;
INSERT INTO `ecs_template` ( `filename`, `region`, `library`, `sort_order`, `id`, `number`, `type`, `theme`, `remarks` ) VALUES  ('index', '左边区域', '/library/vote_list.lbi', '8', '0', '0', '0', 'default', '');
INSERT INTO `ecs_template` ( `filename`, `region`, `library`, `sort_order`, `id`, `number`, `type`, `theme`, `remarks` ) VALUES  ('index', '左边区域', '/library/email_list.lbi', '9', '0', '0', '0', 'default', '');
INSERT INTO `ecs_template` ( `filename`, `region`, `library`, `sort_order`, `id`, `number`, `type`, `theme`, `remarks` ) VALUES  ('index', '左边区域', '/library/order_query.lbi', '6', '0', '0', '0', 'default', '');
INSERT INTO `ecs_template` ( `filename`, `region`, `library`, `sort_order`, `id`, `number`, `type`, `theme`, `remarks` ) VALUES  ('index', '左边区域', '/library/cart.lbi', '0', '0', '0', '0', 'default', '');
INSERT INTO `ecs_template` ( `filename`, `region`, `library`, `sort_order`, `id`, `number`, `type`, `theme`, `remarks` ) VALUES  ('index', '左边区域', '/library/promotion_info.lbi', '3', '0', '0', '0', 'default', '');
INSERT INTO `ecs_template` ( `filename`, `region`, `library`, `sort_order`, `id`, `number`, `type`, `theme`, `remarks` ) VALUES  ('index', '左边区域', '/library/auction.lbi', '4', '0', '3', '0', 'default', '');
INSERT INTO `ecs_template` ( `filename`, `region`, `library`, `sort_order`, `id`, `number`, `type`, `theme`, `remarks` ) VALUES  ('index', '左边区域', '/library/group_buy.lbi', '5', '0', '3', '0', 'default', '');
INSERT INTO `ecs_template` ( `filename`, `region`, `library`, `sort_order`, `id`, `number`, `type`, `theme`, `remarks` ) VALUES  ('index', '', '/library/recommend_promotion.lbi', '0', '0', '4', '0', 'default', '');
INSERT INTO `ecs_template` ( `filename`, `region`, `library`, `sort_order`, `id`, `number`, `type`, `theme`, `remarks` ) VALUES  ('index', '右边主区域', '/library/recommend_hot.lbi', '2', '0', '10', '0', 'default', '');
INSERT INTO `ecs_template` ( `filename`, `region`, `library`, `sort_order`, `id`, `number`, `type`, `theme`, `remarks` ) VALUES  ('index', '右边主区域', '/library/recommend_new.lbi', '1', '0', '10', '0', 'default', '');
INSERT INTO `ecs_template` ( `filename`, `region`, `library`, `sort_order`, `id`, `number`, `type`, `theme`, `remarks` ) VALUES  ('index', '右边主区域', '/library/recommend_best.lbi', '0', '0', '10', '0', 'default', '');
INSERT INTO `ecs_template` ( `filename`, `region`, `library`, `sort_order`, `id`, `number`, `type`, `theme`, `remarks` ) VALUES  ('index', '左边区域', '/library/invoice_query.lbi', '7', '0', '0', '0', 'default', '');
INSERT INTO `ecs_template` ( `filename`, `region`, `library`, `sort_order`, `id`, `number`, `type`, `theme`, `remarks` ) VALUES  ('index', '左边区域', '/library/top10.lbi', '2', '0', '0', '0', 'default', '');
INSERT INTO `ecs_template` ( `filename`, `region`, `library`, `sort_order`, `id`, `number`, `type`, `theme`, `remarks` ) VALUES  ('index', '左边区域', '/library/category_tree.lbi', '1', '0', '0', '0', 'default', '');
INSERT INTO `ecs_template` ( `filename`, `region`, `library`, `sort_order`, `id`, `number`, `type`, `theme`, `remarks` ) VALUES  ('index', '', '/library/brands.lbi', '0', '0', '11', '0', 'default', '');
INSERT INTO `ecs_template` ( `filename`, `region`, `library`, `sort_order`, `id`, `number`, `type`, `theme`, `remarks` ) VALUES  ('category', '左边区域', '/library/category_tree.lbi', '1', '0', '0', '0', 'default', '');
INSERT INTO `ecs_template` ( `filename`, `region`, `library`, `sort_order`, `id`, `number`, `type`, `theme`, `remarks` ) VALUES  ('category', '右边区域', '/library/recommend_best.lbi', '0', '0', '5', '0', 'default', '');
INSERT INTO `ecs_template` ( `filename`, `region`, `library`, `sort_order`, `id`, `number`, `type`, `theme`, `remarks` ) VALUES  ('category', '右边区域', '/library/goods_list.lbi', '1', '0', '0', '0', 'default', '');
INSERT INTO `ecs_template` ( `filename`, `region`, `library`, `sort_order`, `id`, `number`, `type`, `theme`, `remarks` ) VALUES  ('category', '右边区域', '/library/pages.lbi', '2', '0', '0', '0', 'default', '');
INSERT INTO `ecs_template` ( `filename`, `region`, `library`, `sort_order`, `id`, `number`, `type`, `theme`, `remarks` ) VALUES  ('category', '左边区域', '/library/cart.lbi', '0', '0', '0', '0', 'default', '');
INSERT INTO `ecs_template` ( `filename`, `region`, `library`, `sort_order`, `id`, `number`, `type`, `theme`, `remarks` ) VALUES  ('category', '左边区域', '/library/price_grade.lbi', '3', '0', '0', '0', 'default', '');
INSERT INTO `ecs_template` ( `filename`, `region`, `library`, `sort_order`, `id`, `number`, `type`, `theme`, `remarks` ) VALUES  ('category', '左边区域', '/library/filter_attr.lbi', '2', '0', '0', '0', 'default', '');
INSERT INTO `ecs_template` ( `filename`, `region`, `library`, `sort_order`, `id`, `number`, `type`, `theme`, `remarks` ) VALUES  ('index', '首页最下方横条广告3', '/library/ad_position.lbi', '0', '83', '0', '4', 'tianmao', '');
INSERT INTO `ecs_template` ( `filename`, `region`, `library`, `sort_order`, `id`, `number`, `type`, `theme`, `remarks` ) VALUES  ('index', '首页中间横条广告2', '/library/ad_position.lbi', '0', '102', '0', '4', 'tianmao', '');
INSERT INTO `ecs_template` ( `filename`, `region`, `library`, `sort_order`, `id`, `number`, `type`, `theme`, `remarks` ) VALUES  ('group_buy_list', '团购列表页右侧广告三', '/library/ad_position.lbi', '0', '13', '0', '4', 'tianmao', '');
INSERT INTO `ecs_template` ( `filename`, `region`, `library`, `sort_order`, `id`, `number`, `type`, `theme`, `remarks` ) VALUES  ('group_buy_list', '团购列表页右侧广告二', '/library/ad_position.lbi', '0', '12', '0', '4', 'tianmao', '');
INSERT INTO `ecs_template` ( `filename`, `region`, `library`, `sort_order`, `id`, `number`, `type`, `theme`, `remarks` ) VALUES  ('group_buy_list', '团购列表页右侧广告一', '/library/ad_position.lbi', '0', '11', '0', '4', 'tianmao', '');
INSERT INTO `ecs_template` ( `filename`, `region`, `library`, `sort_order`, `id`, `number`, `type`, `theme`, `remarks` ) VALUES  ('group_buy_list', '团购列表左侧广告四', '/library/ad_position.lbi', '0', '10', '1', '4', 'tianmao', '');
INSERT INTO `ecs_template` ( `filename`, `region`, `library`, `sort_order`, `id`, `number`, `type`, `theme`, `remarks` ) VALUES  ('group_buy_list', '团购列表左侧广告三', '/library/ad_position.lbi', '0', '9', '1', '4', 'tianmao', '');
INSERT INTO `ecs_template` ( `filename`, `region`, `library`, `sort_order`, `id`, `number`, `type`, `theme`, `remarks` ) VALUES  ('group_buy_list', '团购列表左侧广告二', '/library/ad_position.lbi', '0', '8', '1', '4', 'tianmao', '');
INSERT INTO `ecs_template` ( `filename`, `region`, `library`, `sort_order`, `id`, `number`, `type`, `theme`, `remarks` ) VALUES  ('group_buy_list', '团购列表左侧广告一', '/library/ad_position.lbi', '0', '7', '1', '4', 'tianmao', '');
INSERT INTO `ecs_template` ( `filename`, `region`, `library`, `sort_order`, `id`, `number`, `type`, `theme`, `remarks` ) VALUES  ('group_buy_list', '', '/library/brands.lbi', '0', '0', '3', '0', 'tianmao', '');
INSERT INTO `ecs_template` ( `filename`, `region`, `library`, `sort_order`, `id`, `number`, `type`, `theme`, `remarks` ) VALUES  ('category', '', '/library/brands.lbi', '0', '0', '3', '0', 'tianmao', '');
INSERT INTO `ecs_template` ( `filename`, `region`, `library`, `sort_order`, `id`, `number`, `type`, `theme`, `remarks` ) VALUES  ('category', '', '/library/recommend_promotion.lbi', '0', '0', '3', '0', 'tianmao', '');
INSERT INTO `ecs_template` ( `filename`, `region`, `library`, `sort_order`, `id`, `number`, `type`, `theme`, `remarks` ) VALUES  ('category', '右边区域', '/library/pages.lbi', '1', '0', '0', '0', 'tianmao', '');
INSERT INTO `ecs_template` ( `filename`, `region`, `library`, `sort_order`, `id`, `number`, `type`, `theme`, `remarks` ) VALUES  ('category', '右边区域', '/library/goods_list.lbi', '0', '0', '0', '0', 'tianmao', '');
INSERT INTO `ecs_template` ( `filename`, `region`, `library`, `sort_order`, `id`, `number`, `type`, `theme`, `remarks` ) VALUES  ('category', '', '/library/recommend_best.lbi', '0', '0', '5', '0', 'tianmao', '');
INSERT INTO `ecs_template` ( `filename`, `region`, `library`, `sort_order`, `id`, `number`, `type`, `theme`, `remarks` ) VALUES  ('category', '', '/library/recommend_hot.lbi', '0', '0', '5', '0', 'tianmao', '');
INSERT INTO `ecs_template` ( `filename`, `region`, `library`, `sort_order`, `id`, `number`, `type`, `theme`, `remarks` ) VALUES  ('index', '首页中间横条广告1', '/library/ad_position.lbi', '0', '101', '0', '4', 'tianmao', '');
INSERT INTO `ecs_template` ( `filename`, `region`, `library`, `sort_order`, `id`, `number`, `type`, `theme`, `remarks` ) VALUES  ('index', '热门品牌下方横条大广告', '/library/ad_position.lbi', '0', '98', '1', '4', 'tianmao', '');
INSERT INTO `ecs_template` ( `filename`, `region`, `library`, `sort_order`, `id`, `number`, `type`, `theme`, `remarks` ) VALUES  ('index', '分类下商品区域模块8', '/library/cat_goods.lbi', '0', '147', '5', '1', 'tianmao', '');
INSERT INTO `ecs_template` ( `filename`, `region`, `library`, `sort_order`, `id`, `number`, `type`, `theme`, `remarks` ) VALUES  ('index', '分类下商品区域模块6', '/library/cat_goods.lbi', '0', '148', '5', '1', 'tianmao', '');
INSERT INTO `ecs_template` ( `filename`, `region`, `library`, `sort_order`, `id`, `number`, `type`, `theme`, `remarks` ) VALUES  ('index', '分类下商品区域模块7', '/library/cat_goods.lbi', '0', '146', '5', '1', 'tianmao', '');
INSERT INTO `ecs_template` ( `filename`, `region`, `library`, `sort_order`, `id`, `number`, `type`, `theme`, `remarks` ) VALUES  ('index', '分类下商品区域模块5', '/library/cat_goods.lbi', '0', '18', '5', '1', 'tianmao', '');
INSERT INTO `ecs_template` ( `filename`, `region`, `library`, `sort_order`, `id`, `number`, `type`, `theme`, `remarks` ) VALUES  ('goods', '', '/library/recommend_best.lbi', '0', '0', '3', '0', 'tianmao', '');
INSERT INTO `ecs_template` ( `filename`, `region`, `library`, `sort_order`, `id`, `number`, `type`, `theme`, `remarks` ) VALUES  ('goods', '', '/library/recommend_new.lbi', '0', '0', '10', '0', 'tianmao', '');
INSERT INTO `ecs_template` ( `filename`, `region`, `library`, `sort_order`, `id`, `number`, `type`, `theme`, `remarks` ) VALUES  ('goods', '', '/library/recommend_hot.lbi', '0', '0', '3', '0', 'tianmao', '');
INSERT INTO `ecs_template` ( `filename`, `region`, `library`, `sort_order`, `id`, `number`, `type`, `theme`, `remarks` ) VALUES  ('goods', '', '/library/recommend_promotion.lbi', '0', '0', '4', '0', 'tianmao', '');
INSERT INTO `ecs_template` ( `filename`, `region`, `library`, `sort_order`, `id`, `number`, `type`, `theme`, `remarks` ) VALUES  ('index', '分类下商品区域模块4', '/library/cat_goods.lbi', '0', '16', '5', '1', 'tianmao', '');
INSERT INTO `ecs_template` ( `filename`, `region`, `library`, `sort_order`, `id`, `number`, `type`, `theme`, `remarks` ) VALUES  ('index', '分类下商品区域模块2', '/library/cat_goods.lbi', '0', '6', '5', '1', 'tianmao', '');
INSERT INTO `ecs_template` ( `filename`, `region`, `library`, `sort_order`, `id`, `number`, `type`, `theme`, `remarks` ) VALUES  ('index', '分类下商品区域模块3', '/library/cat_goods.lbi', '0', '12', '5', '1', 'tianmao', '');
INSERT INTO `ecs_template` ( `filename`, `region`, `library`, `sort_order`, `id`, `number`, `type`, `theme`, `remarks` ) VALUES  ('index', '分类下商品区域模块1', '/library/cat_goods.lbi', '0', '1', '5', '1', 'tianmao', '');
INSERT INTO `ecs_template` ( `filename`, `region`, `library`, `sort_order`, `id`, `number`, `type`, `theme`, `remarks` ) VALUES  ('index', '', '/library/brands.lbi', '0', '0', '3', '0', 'tianmao', '');
INSERT INTO `ecs_template` ( `filename`, `region`, `library`, `sort_order`, `id`, `number`, `type`, `theme`, `remarks` ) VALUES  ('index', '', '/library/auction.lbi', '0', '0', '3', '0', 'tianmao', '');
INSERT INTO `ecs_template` ( `filename`, `region`, `library`, `sort_order`, `id`, `number`, `type`, `theme`, `remarks` ) VALUES  ('index', '', '/library/group_buy.lbi', '0', '0', '25', '0', 'tianmao', '');
INSERT INTO `ecs_template` ( `filename`, `region`, `library`, `sort_order`, `id`, `number`, `type`, `theme`, `remarks` ) VALUES  ('index', '', '/library/recommend_promotion.lbi', '0', '0', '1', '0', 'tianmao', '');
INSERT INTO `ecs_template` ( `filename`, `region`, `library`, `sort_order`, `id`, `number`, `type`, `theme`, `remarks` ) VALUES  ('index', '', '/library/recommend_hot.lbi', '0', '0', '3', '0', 'tianmao', '');
INSERT INTO `ecs_template` ( `filename`, `region`, `library`, `sort_order`, `id`, `number`, `type`, `theme`, `remarks` ) VALUES  ('index', '', '/library/recommend_new.lbi', '0', '0', '2', '0', 'tianmao', '');
INSERT INTO `ecs_template` ( `filename`, `region`, `library`, `sort_order`, `id`, `number`, `type`, `theme`, `remarks` ) VALUES  ('index', '', '/library/recommend_best.lbi', '0', '0', '2', '0', 'tianmao', '');
DROP TABLE IF EXISTS `ecs_test`;
CREATE TABLE `ecs_test` (
  `id` int(11) NOT NULL AUTO_INCREMENT,
  `goods_id` int(11) NOT NULL,
  `add_time` int(11) NOT NULL,
  `price` decimal(10,2) NOT NULL,
  `old_price` decimal(10,2) NOT NULL,
  PRIMARY KEY (`id`)
) ENGINE=MyISAM DEFAULT CHARSET=utf8;
INSERT INTO `ecs_test` ( `id`, `goods_id`, `add_time`, `price`, `old_price` ) VALUES  ('8', '40', '1390736794', '888.00', '888.00');
INSERT INTO `ecs_test` ( `id`, `goods_id`, `add_time`, `price`, `old_price` ) VALUES  ('2', '40', '1391068350', '777.00', '666.00');
INSERT INTO `ecs_test` ( `id`, `goods_id`, `add_time`, `price`, `old_price` ) VALUES  ('3', '40', '1393574389', '888.00', '777.00');
INSERT INTO `ecs_test` ( `id`, `goods_id`, `add_time`, `price`, `old_price` ) VALUES  ('11', '41', '1390802243', '0.00', '0.00');
INSERT INTO `ecs_test` ( `id`, `goods_id`, `add_time`, `price`, `old_price` ) VALUES  ('10', '19', '1390802203', '888.00', '888.00');
INSERT INTO `ecs_test` ( `id`, `goods_id`, `add_time`, `price`, `old_price` ) VALUES  ('12', '40', '1391160431', '888.00', '888.00');
INSERT INTO `ecs_test` ( `id`, `goods_id`, `add_time`, `price`, `old_price` ) VALUES  ('13', '40', '1402322671', '888.00', '888.00');
INSERT INTO `ecs_test` ( `id`, `goods_id`, `add_time`, `price`, `old_price` ) VALUES  ('17', '41', '1402323035', '0.00', '0.00');
INSERT INTO `ecs_test` ( `id`, `goods_id`, `add_time`, `price`, `old_price` ) VALUES  ('18', '42', '1402324461', '0.00', '0.00');
DROP TABLE IF EXISTS `ecs_topic`;
CREATE TABLE `ecs_topic` (
  `topic_id` int(10) unsigned NOT NULL AUTO_INCREMENT,
  `title` varchar(255) NOT NULL DEFAULT '''''',
  `intro` text NOT NULL,
  `start_time` int(11) NOT NULL DEFAULT '0',
  `end_time` int(10) NOT NULL DEFAULT '0',
  `data` text NOT NULL,
  `template` varchar(255) NOT NULL DEFAULT '''''',
  `css` text NOT NULL,
  `topic_img` varchar(255) DEFAULT NULL,
  `title_pic` varchar(255) DEFAULT NULL,
  `base_style` char(6) DEFAULT NULL,
  `htmls` mediumtext,
  `keywords` varchar(255) DEFAULT NULL,
  `description` varchar(255) DEFAULT NULL,
  KEY `topic_id` (`topic_id`)
) ENGINE=MyISAM DEFAULT CHARSET=utf8;
INSERT INTO `ecs_topic` ( `topic_id`, `title`, `intro`, `start_time`, `end_time`, `data`, `template`, `css`, `topic_img`, `title_pic`, `base_style`, `htmls`, `keywords`, `description` ) VALUES  ('1', '夏新优惠大酬宾', '<p>夏新产品优惠开始了</p>', '1241107200', '1246291200', 'O:8:\"stdClass\":1:{s:7:\"default\";a:1:{i:0;s:11:\"夏新N7|17\";}}', '', '', '', '', '', '', '', '');
INSERT INTO `ecs_topic` ( `topic_id`, `title`, `intro`, `start_time`, `end_time`, `data`, `template`, `css`, `topic_img`, `title_pic`, `base_style`, `htmls`, `keywords`, `description` ) VALUES  ('2', '国庆专题', '', '1407225600', '1438761600', 'O:8:\"stdClass\":1:{s:7:\"default\";a:9:{i:0;s:38:\"香奈儿coco小姐唇膏（62#）3g|8\";i:1;s:86:\"衣品天成 2014夏装新款女装T恤 韩版时尚百搭修身条纹T恤女短袖|16\";i:2;s:89:\"女t恤2014新款夏装雪纺衫女装大码韩版宽松七分袖上衣白色衣服潮|20\";i:3;s:88:\"衣酷王子 情侣装 夏装套装韩版春沙滩男女短袖潮2014新款情侣t恤|22\";i:4;s:89:\"棉立方2014夏新款韩版大码蕾丝欧根纱中长款白色宽松棉短袖女t恤|21\";i:5;s:88:\"蓝天麦子情侣装夏装2014新款女装T恤背心中长款连衣裙子韩版1A211|14\";i:6;s:128:\"兰蔻精华眼膜霜15ml兰蔻精华眼膜霜15ml兰蔻精华眼膜霜15ml兰蔻精华眼膜霜15ml兰蔻精华眼膜霜15ml|19\";i:7;s:84:\"艾路丝婷2014新款夏装韩版女装短袖T恤女修身白色大码体恤9121|46\";i:8;s:49:\"博柏利英伦迷情女士香水（白）30ml|49\";}}', '', '', 'data/afficheimg/20140806howjjo.gif', 'data/afficheimg/20140806himvyc.jpg', '', '', '', '');
DROP TABLE IF EXISTS `ecs_touch_ad`;
CREATE TABLE `ecs_touch_ad` (
  `ad_id` smallint(5) unsigned NOT NULL AUTO_INCREMENT,
  `position_id` smallint(5) unsigned NOT NULL DEFAULT '0',
  `media_type` tinyint(3) unsigned NOT NULL DEFAULT '0',
  `ad_name` varchar(60) NOT NULL DEFAULT '',
  `ad_link` varchar(255) NOT NULL DEFAULT '',
  `ad_code` text NOT NULL,
  `start_time` int(11) NOT NULL DEFAULT '0',
  `end_time` int(11) NOT NULL DEFAULT '0',
  `link_man` varchar(60) NOT NULL DEFAULT '',
  `link_email` varchar(60) NOT NULL DEFAULT '',
  `link_phone` varchar(60) NOT NULL DEFAULT '',
  `click_count` mediumint(8) unsigned NOT NULL DEFAULT '0',
  `enabled` tinyint(3) unsigned NOT NULL DEFAULT '1',
  PRIMARY KEY (`ad_id`),
  KEY `position_id` (`position_id`),
  KEY `enabled` (`enabled`)
) ENGINE=MyISAM DEFAULT CHARSET=utf8;
INSERT INTO `ecs_touch_ad` ( `ad_id`, `position_id`, `media_type`, `ad_name`, `ad_link`, `ad_code`, `start_time`, `end_time`, `link_man`, `link_email`, `link_phone`, `click_count`, `enabled` ) VALUES  ('1', '1', '0', '1', '', '1405993415897868755.jpg', '1396339200', '1525161600', '', '', '', '12', '1');
INSERT INTO `ecs_touch_ad` ( `ad_id`, `position_id`, `media_type`, `ad_name`, `ad_link`, `ad_code`, `start_time`, `end_time`, `link_man`, `link_email`, `link_phone`, `click_count`, `enabled` ) VALUES  ('2', '1', '0', '2', '', '1405993423056608174.jpg', '1396339200', '1525161600', '', '', '', '13', '1');
INSERT INTO `ecs_touch_ad` ( `ad_id`, `position_id`, `media_type`, `ad_name`, `ad_link`, `ad_code`, `start_time`, `end_time`, `link_man`, `link_email`, `link_phone`, `click_count`, `enabled` ) VALUES  ('3', '1', '0', '3', '', '1405993447816214694.jpg', '1396339200', '1525161600', '', '', '', '9', '1');
DROP TABLE IF EXISTS `ecs_touch_ad_position`;
CREATE TABLE `ecs_touch_ad_position` (
  `position_id` tinyint(3) unsigned NOT NULL AUTO_INCREMENT,
  `position_name` varchar(60) NOT NULL DEFAULT '',
  `ad_width` smallint(5) unsigned NOT NULL DEFAULT '0',
  `ad_height` smallint(5) unsigned NOT NULL DEFAULT '0',
  `position_desc` varchar(255) NOT NULL DEFAULT '',
  `position_style` text NOT NULL,
  PRIMARY KEY (`position_id`)
) ENGINE=MyISAM DEFAULT CHARSET=utf8;
INSERT INTO `ecs_touch_ad_position` ( `position_id`, `position_name`, `ad_width`, `ad_height`, `position_desc`, `position_style` ) VALUES  ('1', '手机版首页Banner', '360', '168', '', '<ul>\r\n{foreach from=$ads item=ad}\r\n  <li>{$ad}</li>\r\n{/foreach}\r\n</ul>\r\n');
DROP TABLE IF EXISTS `ecs_touch_nav`;
CREATE TABLE `ecs_touch_nav` (
  `id` mediumint(8) NOT NULL AUTO_INCREMENT,
  `ctype` varchar(10) DEFAULT NULL,
  `cid` smallint(5) unsigned DEFAULT NULL,
  `name` varchar(255) NOT NULL,
  `ifshow` tinyint(1) NOT NULL,
  `vieworder` tinyint(1) NOT NULL,
  `opennew` tinyint(1) NOT NULL,
  `url` varchar(255) NOT NULL,
  `pic` varchar(255) NOT NULL,
  `type` varchar(10) NOT NULL,
  PRIMARY KEY (`id`),
  KEY `type` (`type`),
  KEY `ifshow` (`ifshow`)
) ENGINE=MyISAM DEFAULT CHARSET=utf8;
INSERT INTO `ecs_touch_nav` ( `id`, `ctype`, `cid`, `name`, `ifshow`, `vieworder`, `opennew`, `url`, `pic`, `type` ) VALUES  ('1', '', '0', '全部分类', '1', '0', '0', 'cat_all.php', 'icon_indexn_01.png', 'middle');
INSERT INTO `ecs_touch_nav` ( `id`, `ctype`, `cid`, `name`, `ifshow`, `vieworder`, `opennew`, `url`, `pic`, `type` ) VALUES  ('2', '', '0', '帮助中心', '1', '0', '0', 'article_cat.php?id=3', 'icon_indexn_02.png', 'middle');
INSERT INTO `ecs_touch_nav` ( `id`, `ctype`, `cid`, `name`, `ifshow`, `vieworder`, `opennew`, `url`, `pic`, `type` ) VALUES  ('3', '', '0', '个人中心', '1', '0', '0', 'user.php', 'icon_indexn_03.png', 'middle');
INSERT INTO `ecs_touch_nav` ( `id`, `ctype`, `cid`, `name`, `ifshow`, `vieworder`, `opennew`, `url`, `pic`, `type` ) VALUES  ('4', '', '0', '分享', '1', '0', '0', 'ectouch.php?act=share', 'icon_indexn_04.png', 'middle');
INSERT INTO `ecs_touch_nav` ( `id`, `ctype`, `cid`, `name`, `ifshow`, `vieworder`, `opennew`, `url`, `pic`, `type` ) VALUES  ('5', '', '0', '联系我们', '1', '0', '0', 'ectouch.php?act=contact', 'icon_indexn_05.png', 'middle');
INSERT INTO `ecs_touch_nav` ( `id`, `ctype`, `cid`, `name`, `ifshow`, `vieworder`, `opennew`, `url`, `pic`, `type` ) VALUES  ('6', '', '0', '积分商城', '1', '0', '0', 'exchange.php', 'icon_indexn_06.png', 'middle');
INSERT INTO `ecs_touch_nav` ( `id`, `ctype`, `cid`, `name`, `ifshow`, `vieworder`, `opennew`, `url`, `pic`, `type` ) VALUES  ('7', '', '0', '团购', '1', '0', '0', 'group_buy.php', 'icon_indexn_07.png', 'middle');
INSERT INTO `ecs_touch_nav` ( `id`, `ctype`, `cid`, `name`, `ifshow`, `vieworder`, `opennew`, `url`, `pic`, `type` ) VALUES  ('8', '', '0', '电脑版', '1', '0', '0', '../', 'icon_indexn_08.png', 'middle');
DROP TABLE IF EXISTS `ecs_touch_payment`;
CREATE TABLE `ecs_touch_payment` (
  `pay_id` tinyint(3) unsigned NOT NULL AUTO_INCREMENT,
  `pay_code` varchar(20) NOT NULL DEFAULT '',
  `pay_name` varchar(120) NOT NULL DEFAULT '',
  `pay_fee` varchar(10) NOT NULL DEFAULT '0',
  `pay_desc` text NOT NULL,
  `pay_order` tinyint(3) unsigned NOT NULL DEFAULT '0',
  `pay_config` text NOT NULL,
  `enabled` tinyint(1) unsigned NOT NULL DEFAULT '0',
  `is_cod` tinyint(1) unsigned NOT NULL DEFAULT '0',
  `is_online` tinyint(1) unsigned NOT NULL DEFAULT '0',
  PRIMARY KEY (`pay_id`),
  UNIQUE KEY `pay_code` (`pay_code`)
) ENGINE=MyISAM DEFAULT CHARSET=utf8;
INSERT INTO `ecs_touch_payment` ( `pay_id`, `pay_code`, `pay_name`, `pay_fee`, `pay_desc`, `pay_order`, `pay_config`, `enabled`, `is_cod`, `is_online` ) VALUES  ('4', 'wxpay', '微信支付', '0', '微信支付，是基于客户端提供的服务功能。同时向商户提供销售经营分析、账户和资金管理的功能支持。用户通过扫描二维码、微信内打开商品页面购买等多种方式调起微信支付模块完成支付。', '0', 'a:6:{i:0;a:3:{s:4:\"name\";s:11:\"wxpay_appid\";s:4:\"type\";s:4:\"text\";s:5:\"value\";s:18:\"wxfea3e92ddf4936d5\";}i:1;a:3:{s:4:\"name\";s:15:\"wxpay_appsecret\";s:4:\"type\";s:4:\"text\";s:5:\"value\";s:32:\"674828c37381378ba816825c3d533a82\";}i:2;a:3:{s:4:\"name\";s:16:\"wxpay_paysignkey\";s:4:\"type\";s:4:\"text\";s:5:\"value\";s:32:\"4cdbcfc816f60dff441984b1caa0d4f5\";}i:3;a:3:{s:4:\"name\";s:15:\"wxpay_partnerid\";s:4:\"type\";s:4:\"text\";s:5:\"value\";s:10:\"1218565901\";}i:4;a:3:{s:4:\"name\";s:16:\"wxpay_partnerkey\";s:4:\"type\";s:4:\"text\";s:5:\"value\";s:128:\"d1qOVI3KEMQWz2uX2koFros8U2NZpTN5CX8JU6cN50UU4SO38fqRKZ3GD8jv3Ut6UzMmChnc1JerftH1Opdg0hnCW4GC35f09HCkqad3ashj9MVJVVSglknlMZMsJCgi\";}i:5;a:3:{s:4:\"name\";s:14:\"wxpay_signtype\";s:4:\"type\";s:4:\"text\";s:5:\"value\";s:4:\"sha1\";}}', '1', '0', '1');
INSERT INTO `ecs_touch_payment` ( `pay_id`, `pay_code`, `pay_name`, `pay_fee`, `pay_desc`, `pay_order`, `pay_config`, `enabled`, `is_cod`, `is_online` ) VALUES  ('5', 'alipay_wap', '支付宝（手机版）', '0', '支付宝（手机版）网站(www.alipay.com) 是国内先进的网上支付平台。', '0', 'a:3:{i:0;a:3:{s:4:\"name\";s:14:\"alipay_account\";s:4:\"type\";s:4:\"text\";s:5:\"value\";s:16:\"yunhunet@163.com\";}i:1;a:3:{s:4:\"name\";s:10:\"alipay_key\";s:4:\"type\";s:4:\"text\";s:5:\"value\";s:32:\"6cmxx9tfy319fgfehf3w0hh3yc3wgr9p\";}i:2;a:3:{s:4:\"name\";s:14:\"alipay_partner\";s:4:\"type\";s:4:\"text\";s:5:\"value\";s:16:\"2088901332681362\";}}', '1', '0', '1');
DROP TABLE IF EXISTS `ecs_touch_shipping`;
CREATE TABLE `ecs_touch_shipping` (
  `shipping_id` tinyint(3) unsigned NOT NULL AUTO_INCREMENT,
  `shipping_code` varchar(20) NOT NULL DEFAULT '',
  `shipping_name` varchar(120) NOT NULL DEFAULT '',
  `shipping_desc` varchar(255) NOT NULL DEFAULT '',
  `insure` varchar(10) NOT NULL DEFAULT '0',
  `support_cod` tinyint(1) unsigned NOT NULL DEFAULT '0',
  `enabled` tinyint(1) unsigned NOT NULL DEFAULT '0',
  `shipping_print` text NOT NULL,
  `print_bg` varchar(255) DEFAULT NULL,
  `config_lable` text,
  `print_model` tinyint(1) DEFAULT '0',
  `shipping_order` tinyint(3) unsigned NOT NULL DEFAULT '0',
  PRIMARY KEY (`shipping_id`),
  KEY `shipping_code` (`shipping_code`,`enabled`)
) ENGINE=MyISAM DEFAULT CHARSET=utf8;
INSERT INTO `ecs_touch_shipping` ( `shipping_id`, `shipping_code`, `shipping_name`, `shipping_desc`, `insure`, `support_cod`, `enabled`, `shipping_print`, `print_bg`, `config_lable`, `print_model`, `shipping_order` ) VALUES  ('1', 'post_express', '邮政快递包裹', '邮政快递包裹的描述内容。', '1%', '0', '1', '', '', '', '0', '0');
INSERT INTO `ecs_touch_shipping` ( `shipping_id`, `shipping_code`, `shipping_name`, `shipping_desc`, `insure`, `support_cod`, `enabled`, `shipping_print`, `print_bg`, `config_lable`, `print_model`, `shipping_order` ) VALUES  ('2', 'yto', '圆通速递', '上海圆通物流（速递）有限公司经过多年的网络快速发展，在中国速递行业中一直处于领先地位。为了能更好的发展国际快件市场，加快与国际市场的接轨，强化圆通的整体实力，圆通已在东南亚、欧美、中东、北美洲、非洲等许多城市运作国际快件业务', '0', '1', '1', '', '', '', '0', '0');
INSERT INTO `ecs_touch_shipping` ( `shipping_id`, `shipping_code`, `shipping_name`, `shipping_desc`, `insure`, `support_cod`, `enabled`, `shipping_print`, `print_bg`, `config_lable`, `print_model`, `shipping_order` ) VALUES  ('3', 'city_express', '城际快递', '配送的运费是固定的', '0', '1', '1', '', '', '', '0', '0');
INSERT INTO `ecs_touch_shipping` ( `shipping_id`, `shipping_code`, `shipping_name`, `shipping_desc`, `insure`, `support_cod`, `enabled`, `shipping_print`, `print_bg`, `config_lable`, `print_model`, `shipping_order` ) VALUES  ('4', 'flat', '市内快递', '固定运费的配送方式内容', '0', '1', '1', '', '', '', '0', '0');
INSERT INTO `ecs_touch_shipping` ( `shipping_id`, `shipping_code`, `shipping_name`, `shipping_desc`, `insure`, `support_cod`, `enabled`, `shipping_print`, `print_bg`, `config_lable`, `print_model`, `shipping_order` ) VALUES  ('5', 'sto_express', '申通快递', '江、浙、沪地区首重为15元/KG，其他地区18元/KG， 续重均为5-6元/KG， 云南地区为8元', '0', '0', '1', '', '', '', '0', '0');
INSERT INTO `ecs_touch_shipping` ( `shipping_id`, `shipping_code`, `shipping_name`, `shipping_desc`, `insure`, `support_cod`, `enabled`, `shipping_print`, `print_bg`, `config_lable`, `print_model`, `shipping_order` ) VALUES  ('6', 'post_mail', '邮局平邮', '邮局平邮的描述内容。', '0', '0', '1', '', '', '', '0', '0');
INSERT INTO `ecs_touch_shipping` ( `shipping_id`, `shipping_code`, `shipping_name`, `shipping_desc`, `insure`, `support_cod`, `enabled`, `shipping_print`, `print_bg`, `config_lable`, `print_model`, `shipping_order` ) VALUES  ('7', 'fpd', '运费到付', '所购商品到达即付运费', '0', '0', '1', '', '', '', '0', '0');
INSERT INTO `ecs_touch_shipping` ( `shipping_id`, `shipping_code`, `shipping_name`, `shipping_desc`, `insure`, `support_cod`, `enabled`, `shipping_print`, `print_bg`, `config_lable`, `print_model`, `shipping_order` ) VALUES  ('8', 'cac', '上门取货', '买家自己到商家指定地点取货', '0', '1', '1', '', '', '', '2', '0');
DROP TABLE IF EXISTS `ecs_touch_shipping_area`;
CREATE TABLE `ecs_touch_shipping_area` (
  `shipping_area_id` smallint(5) unsigned NOT NULL AUTO_INCREMENT,
  `shipping_area_name` varchar(150) NOT NULL DEFAULT '',
  `shipping_id` tinyint(3) unsigned NOT NULL DEFAULT '0',
  `configure` text NOT NULL,
  PRIMARY KEY (`shipping_area_id`),
  KEY `shipping_id` (`shipping_id`)
) ENGINE=MyISAM DEFAULT CHARSET=utf8;
INSERT INTO `ecs_touch_shipping_area` ( `shipping_area_id`, `shipping_area_name`, `shipping_id`, `configure` ) VALUES  ('1', '申通', '5', 'a:5:{i:0;a:2:{s:4:\"name\";s:8:\"item_fee\";s:5:\"value\";s:2:\"15\";}i:1;a:2:{s:4:\"name\";s:8:\"base_fee\";s:5:\"value\";s:2:\"15\";}i:2;a:2:{s:4:\"name\";s:8:\"step_fee\";s:5:\"value\";s:1:\"5\";}i:3;a:2:{s:4:\"name\";s:10:\"free_money\";s:5:\"value\";s:1:\"0\";}i:4;a:2:{s:4:\"name\";s:16:\"fee_compute_mode\";s:5:\"value\";s:9:\"by_weight\";}}');
INSERT INTO `ecs_touch_shipping_area` ( `shipping_area_id`, `shipping_area_name`, `shipping_id`, `configure` ) VALUES  ('2', '1', '3', 'a:4:{i:0;a:2:{s:4:\"name\";s:8:\"base_fee\";s:5:\"value\";s:2:\"10\";}i:1;a:2:{s:4:\"name\";s:10:\"free_money\";s:5:\"value\";s:6:\"100000\";}i:2;a:2:{s:4:\"name\";s:16:\"fee_compute_mode\";s:5:\"value\";N;}i:3;a:2:{s:4:\"name\";s:7:\"pay_fee\";s:5:\"value\";s:1:\"5\";}}');
INSERT INTO `ecs_touch_shipping_area` ( `shipping_area_id`, `shipping_area_name`, `shipping_id`, `configure` ) VALUES  ('3', '邮局', '6', 'a:7:{i:0;a:2:{s:4:\"name\";s:8:\"item_fee\";s:5:\"value\";s:1:\"4\";}i:1;a:2:{s:4:\"name\";s:8:\"base_fee\";s:5:\"value\";s:3:\"3.5\";}i:2;a:2:{s:4:\"name\";s:8:\"step_fee\";s:5:\"value\";s:3:\"2.5\";}i:3;a:2:{s:4:\"name\";s:9:\"step_fee1\";s:5:\"value\";N;}i:4;a:2:{s:4:\"name\";s:8:\"pack_fee\";s:5:\"value\";s:1:\"0\";}i:5;a:2:{s:4:\"name\";s:10:\"free_money\";s:5:\"value\";s:5:\"50000\";}i:6;a:2:{s:4:\"name\";s:16:\"fee_compute_mode\";s:5:\"value\";s:9:\"by_weight\";}}');
INSERT INTO `ecs_touch_shipping_area` ( `shipping_area_id`, `shipping_area_name`, `shipping_id`, `configure` ) VALUES  ('4', '运费到付', '7', 'a:2:{i:0;a:2:{s:4:\"name\";s:10:\"free_money\";s:5:\"value\";s:5:\"50000\";}i:1;a:2:{s:4:\"name\";s:16:\"fee_compute_mode\";s:5:\"value\";N;}}');
INSERT INTO `ecs_touch_shipping_area` ( `shipping_area_id`, `shipping_area_name`, `shipping_id`, `configure` ) VALUES  ('5', '123', '8', 'a:3:{i:0;a:2:{s:4:\"name\";s:10:\"free_money\";s:5:\"value\";s:0:\"\";}i:1;a:2:{s:4:\"name\";s:16:\"fee_compute_mode\";s:5:\"value\";s:0:\"\";}i:2;a:2:{s:4:\"name\";s:7:\"pay_fee\";s:5:\"value\";s:0:\"\";}}');
DROP TABLE IF EXISTS `ecs_touch_shop_config`;
CREATE TABLE `ecs_touch_shop_config` (
  `id` smallint(5) unsigned NOT NULL AUTO_INCREMENT,
  `parent_id` smallint(5) unsigned NOT NULL DEFAULT '0',
  `code` varchar(30) NOT NULL DEFAULT '',
  `type` varchar(10) NOT NULL DEFAULT '',
  `store_range` varchar(255) NOT NULL DEFAULT '',
  `store_dir` varchar(255) NOT NULL DEFAULT '',
  `value` text NOT NULL,
  `sort_order` tinyint(3) unsigned NOT NULL DEFAULT '1',
  PRIMARY KEY (`id`),
  UNIQUE KEY `code` (`code`),
  KEY `parent_id` (`parent_id`)
) ENGINE=MyISAM DEFAULT CHARSET=utf8;
INSERT INTO `ecs_touch_shop_config` ( `id`, `parent_id`, `code`, `type`, `store_range`, `store_dir`, `value`, `sort_order` ) VALUES  ('1', '0', 'shop_info', 'group', '', '', '', '1');
INSERT INTO `ecs_touch_shop_config` ( `id`, `parent_id`, `code`, `type`, `store_range`, `store_dir`, `value`, `sort_order` ) VALUES  ('2', '0', 'basic', 'group', '', '', '', '1');
INSERT INTO `ecs_touch_shop_config` ( `id`, `parent_id`, `code`, `type`, `store_range`, `store_dir`, `value`, `sort_order` ) VALUES  ('3', '0', 'display', 'group', '', '', '', '1');
INSERT INTO `ecs_touch_shop_config` ( `id`, `parent_id`, `code`, `type`, `store_range`, `store_dir`, `value`, `sort_order` ) VALUES  ('4', '0', 'shopping_flow', 'group', '', '', '', '1');
INSERT INTO `ecs_touch_shop_config` ( `id`, `parent_id`, `code`, `type`, `store_range`, `store_dir`, `value`, `sort_order` ) VALUES  ('5', '0', 'smtp', 'group', '', '', '', '1');
INSERT INTO `ecs_touch_shop_config` ( `id`, `parent_id`, `code`, `type`, `store_range`, `store_dir`, `value`, `sort_order` ) VALUES  ('6', '0', 'hidden', 'hidden', '', '', '', '1');
INSERT INTO `ecs_touch_shop_config` ( `id`, `parent_id`, `code`, `type`, `store_range`, `store_dir`, `value`, `sort_order` ) VALUES  ('7', '0', 'goods', 'group', '', '', '', '1');
INSERT INTO `ecs_touch_shop_config` ( `id`, `parent_id`, `code`, `type`, `store_range`, `store_dir`, `value`, `sort_order` ) VALUES  ('8', '0', 'sms', 'group', '', '', '', '1');
INSERT INTO `ecs_touch_shop_config` ( `id`, `parent_id`, `code`, `type`, `store_range`, `store_dir`, `value`, `sort_order` ) VALUES  ('9', '0', 'wap', 'hidden', '', '', '', '1');
INSERT INTO `ecs_touch_shop_config` ( `id`, `parent_id`, `code`, `type`, `store_range`, `store_dir`, `value`, `sort_order` ) VALUES  ('101', '1', 'shop_name', 'text', '', '', '企业版', '1');
INSERT INTO `ecs_touch_shop_config` ( `id`, `parent_id`, `code`, `type`, `store_range`, `store_dir`, `value`, `sort_order` ) VALUES  ('102', '1', 'shop_title', 'text', '', '', '企业版', '1');
INSERT INTO `ecs_touch_shop_config` ( `id`, `parent_id`, `code`, `type`, `store_range`, `store_dir`, `value`, `sort_order` ) VALUES  ('103', '1', 'shop_desc', 'text', '', '', '企业版', '1');
INSERT INTO `ecs_touch_shop_config` ( `id`, `parent_id`, `code`, `type`, `store_range`, `store_dir`, `value`, `sort_order` ) VALUES  ('104', '1', 'shop_keywords', 'text', '', '', '企业版', '1');
INSERT INTO `ecs_touch_shop_config` ( `id`, `parent_id`, `code`, `type`, `store_range`, `store_dir`, `value`, `sort_order` ) VALUES  ('105', '1', 'shop_country', 'manual', '', '', '1', '1');
INSERT INTO `ecs_touch_shop_config` ( `id`, `parent_id`, `code`, `type`, `store_range`, `store_dir`, `value`, `sort_order` ) VALUES  ('106', '1', 'shop_province', 'manual', '', '', '2', '1');
INSERT INTO `ecs_touch_shop_config` ( `id`, `parent_id`, `code`, `type`, `store_range`, `store_dir`, `value`, `sort_order` ) VALUES  ('107', '1', 'shop_city', 'manual', '', '', '52', '1');
INSERT INTO `ecs_touch_shop_config` ( `id`, `parent_id`, `code`, `type`, `store_range`, `store_dir`, `value`, `sort_order` ) VALUES  ('108', '1', 'shop_address', 'text', '', '', '', '1');
INSERT INTO `ecs_touch_shop_config` ( `id`, `parent_id`, `code`, `type`, `store_range`, `store_dir`, `value`, `sort_order` ) VALUES  ('109', '1', 'qq', 'text', '', '', '', '1');
INSERT INTO `ecs_touch_shop_config` ( `id`, `parent_id`, `code`, `type`, `store_range`, `store_dir`, `value`, `sort_order` ) VALUES  ('110', '1', 'ww', 'text', '', '', '', '1');
INSERT INTO `ecs_touch_shop_config` ( `id`, `parent_id`, `code`, `type`, `store_range`, `store_dir`, `value`, `sort_order` ) VALUES  ('111', '1', 'skype', 'text', '', '', '', '1');
INSERT INTO `ecs_touch_shop_config` ( `id`, `parent_id`, `code`, `type`, `store_range`, `store_dir`, `value`, `sort_order` ) VALUES  ('112', '1', 'ym', 'text', '', '', '', '1');
INSERT INTO `ecs_touch_shop_config` ( `id`, `parent_id`, `code`, `type`, `store_range`, `store_dir`, `value`, `sort_order` ) VALUES  ('113', '1', 'msn', 'text', '', '', '', '1');
INSERT INTO `ecs_touch_shop_config` ( `id`, `parent_id`, `code`, `type`, `store_range`, `store_dir`, `value`, `sort_order` ) VALUES  ('114', '1', 'service_email', 'text', '', '', '', '1');
INSERT INTO `ecs_touch_shop_config` ( `id`, `parent_id`, `code`, `type`, `store_range`, `store_dir`, `value`, `sort_order` ) VALUES  ('115', '1', 'service_phone', 'text', '', '', '', '1');
INSERT INTO `ecs_touch_shop_config` ( `id`, `parent_id`, `code`, `type`, `store_range`, `store_dir`, `value`, `sort_order` ) VALUES  ('116', '1', 'shop_closed', 'select', '0,1', '', '0', '1');
INSERT INTO `ecs_touch_shop_config` ( `id`, `parent_id`, `code`, `type`, `store_range`, `store_dir`, `value`, `sort_order` ) VALUES  ('117', '1', 'close_comment', 'textarea', '', '', '', '1');
INSERT INTO `ecs_touch_shop_config` ( `id`, `parent_id`, `code`, `type`, `store_range`, `store_dir`, `value`, `sort_order` ) VALUES  ('118', '1', 'shop_logo', 'file', '', '../themes/{$template}/images/', '', '1');
INSERT INTO `ecs_touch_shop_config` ( `id`, `parent_id`, `code`, `type`, `store_range`, `store_dir`, `value`, `sort_order` ) VALUES  ('119', '1', 'licensed', 'select', '0,1', '', '1', '1');
INSERT INTO `ecs_touch_shop_config` ( `id`, `parent_id`, `code`, `type`, `store_range`, `store_dir`, `value`, `sort_order` ) VALUES  ('120', '1', 'user_notice', 'textarea', '', '', '用户中心公告！', '1');
INSERT INTO `ecs_touch_shop_config` ( `id`, `parent_id`, `code`, `type`, `store_range`, `store_dir`, `value`, `sort_order` ) VALUES  ('121', '1', 'shop_notice', 'textarea', '', '', '欢迎光临手机网,我们的宗旨：诚信经营、服务客户！\r\n<MARQUEE onmouseover=this.stop() onmouseout=this.start() \r\nscrollAmount=3><U><FONT color=red>\r\n<P>咨询电话010-10124444  010-21252454 8465544</P></FONT></U></MARQUEE>', '1');
INSERT INTO `ecs_touch_shop_config` ( `id`, `parent_id`, `code`, `type`, `store_range`, `store_dir`, `value`, `sort_order` ) VALUES  ('122', '1', 'shop_reg_closed', 'select', '1,0', '', '0', '1');
INSERT INTO `ecs_touch_shop_config` ( `id`, `parent_id`, `code`, `type`, `store_range`, `store_dir`, `value`, `sort_order` ) VALUES  ('201', '2', 'lang', 'manual', '', '', 'zh_cn', '1');
INSERT INTO `ecs_touch_shop_config` ( `id`, `parent_id`, `code`, `type`, `store_range`, `store_dir`, `value`, `sort_order` ) VALUES  ('202', '2', 'icp_number', 'text', '', '', '', '1');
INSERT INTO `ecs_touch_shop_config` ( `id`, `parent_id`, `code`, `type`, `store_range`, `store_dir`, `value`, `sort_order` ) VALUES  ('203', '2', 'icp_file', 'file', '', '../cert/', '', '1');
INSERT INTO `ecs_touch_shop_config` ( `id`, `parent_id`, `code`, `type`, `store_range`, `store_dir`, `value`, `sort_order` ) VALUES  ('204', '2', 'watermark', 'file', '', '../images/', '', '1');
INSERT INTO `ecs_touch_shop_config` ( `id`, `parent_id`, `code`, `type`, `store_range`, `store_dir`, `value`, `sort_order` ) VALUES  ('205', '2', 'watermark_place', 'select', '0,1,2,3,4,5', '', '1', '1');
INSERT INTO `ecs_touch_shop_config` ( `id`, `parent_id`, `code`, `type`, `store_range`, `store_dir`, `value`, `sort_order` ) VALUES  ('206', '2', 'watermark_alpha', 'text', '', '', '65', '1');
INSERT INTO `ecs_touch_shop_config` ( `id`, `parent_id`, `code`, `type`, `store_range`, `store_dir`, `value`, `sort_order` ) VALUES  ('207', '2', 'use_storage', 'select', '1,0', '', '1', '1');
INSERT INTO `ecs_touch_shop_config` ( `id`, `parent_id`, `code`, `type`, `store_range`, `store_dir`, `value`, `sort_order` ) VALUES  ('208', '2', 'market_price_rate', 'text', '', '', '1.2', '1');
INSERT INTO `ecs_touch_shop_config` ( `id`, `parent_id`, `code`, `type`, `store_range`, `store_dir`, `value`, `sort_order` ) VALUES  ('209', '2', 'rewrite', 'select', '0,1,2', '', '0', '1');
INSERT INTO `ecs_touch_shop_config` ( `id`, `parent_id`, `code`, `type`, `store_range`, `store_dir`, `value`, `sort_order` ) VALUES  ('210', '2', 'integral_name', 'text', '', '', '积分', '1');
INSERT INTO `ecs_touch_shop_config` ( `id`, `parent_id`, `code`, `type`, `store_range`, `store_dir`, `value`, `sort_order` ) VALUES  ('211', '2', 'integral_scale', 'text', '', '', '1', '1');
INSERT INTO `ecs_touch_shop_config` ( `id`, `parent_id`, `code`, `type`, `store_range`, `store_dir`, `value`, `sort_order` ) VALUES  ('212', '2', 'integral_percent', 'text', '', '', '1', '1');
INSERT INTO `ecs_touch_shop_config` ( `id`, `parent_id`, `code`, `type`, `store_range`, `store_dir`, `value`, `sort_order` ) VALUES  ('213', '2', 'sn_prefix', 'text', '', '', 'ECS', '1');
INSERT INTO `ecs_touch_shop_config` ( `id`, `parent_id`, `code`, `type`, `store_range`, `store_dir`, `value`, `sort_order` ) VALUES  ('214', '2', 'comment_check', 'select', '0,1', '', '1', '1');
INSERT INTO `ecs_touch_shop_config` ( `id`, `parent_id`, `code`, `type`, `store_range`, `store_dir`, `value`, `sort_order` ) VALUES  ('215', '2', 'no_picture', 'file', '', '../images/', '', '1');
INSERT INTO `ecs_touch_shop_config` ( `id`, `parent_id`, `code`, `type`, `store_range`, `store_dir`, `value`, `sort_order` ) VALUES  ('218', '2', 'stats_code', 'textarea', '', '', '', '1');
INSERT INTO `ecs_touch_shop_config` ( `id`, `parent_id`, `code`, `type`, `store_range`, `store_dir`, `value`, `sort_order` ) VALUES  ('219', '2', 'cache_time', 'text', '', '', '3600', '1');
INSERT INTO `ecs_touch_shop_config` ( `id`, `parent_id`, `code`, `type`, `store_range`, `store_dir`, `value`, `sort_order` ) VALUES  ('220', '2', 'register_points', 'text', '', '', '0', '1');
INSERT INTO `ecs_touch_shop_config` ( `id`, `parent_id`, `code`, `type`, `store_range`, `store_dir`, `value`, `sort_order` ) VALUES  ('221', '2', 'enable_gzip', 'select', '0,1', '', '0', '1');
INSERT INTO `ecs_touch_shop_config` ( `id`, `parent_id`, `code`, `type`, `store_range`, `store_dir`, `value`, `sort_order` ) VALUES  ('222', '2', 'top10_time', 'select', '0,1,2,3,4', '', '0', '1');
INSERT INTO `ecs_touch_shop_config` ( `id`, `parent_id`, `code`, `type`, `store_range`, `store_dir`, `value`, `sort_order` ) VALUES  ('223', '2', 'timezone', 'options', '-12,-11,-10,-9,-8,-7,-6,-5,-4,-3.5,-3,-2,-1,0,1,2,3,3.5,4,4.5,5,5.5,5.75,6,6.5,7,8,9,9.5,10,11,12', '', '8', '1');
INSERT INTO `ecs_touch_shop_config` ( `id`, `parent_id`, `code`, `type`, `store_range`, `store_dir`, `value`, `sort_order` ) VALUES  ('224', '2', 'upload_size_limit', 'options', '-1,0,64,128,256,512,1024,2048,4096', '', '64', '1');
INSERT INTO `ecs_touch_shop_config` ( `id`, `parent_id`, `code`, `type`, `store_range`, `store_dir`, `value`, `sort_order` ) VALUES  ('226', '2', 'cron_method', 'select', '0,1', '', '0', '1');
INSERT INTO `ecs_touch_shop_config` ( `id`, `parent_id`, `code`, `type`, `store_range`, `store_dir`, `value`, `sort_order` ) VALUES  ('227', '2', 'comment_factor', 'select', '0,1,2,3', '', '0', '1');
INSERT INTO `ecs_touch_shop_config` ( `id`, `parent_id`, `code`, `type`, `store_range`, `store_dir`, `value`, `sort_order` ) VALUES  ('228', '2', 'enable_order_check', 'select', '0,1', '', '1', '1');
INSERT INTO `ecs_touch_shop_config` ( `id`, `parent_id`, `code`, `type`, `store_range`, `store_dir`, `value`, `sort_order` ) VALUES  ('229', '2', 'default_storage', 'text', '', '', '1', '1');
INSERT INTO `ecs_touch_shop_config` ( `id`, `parent_id`, `code`, `type`, `store_range`, `store_dir`, `value`, `sort_order` ) VALUES  ('230', '2', 'bgcolor', 'text', '', '', '#FFFFFF', '1');
INSERT INTO `ecs_touch_shop_config` ( `id`, `parent_id`, `code`, `type`, `store_range`, `store_dir`, `value`, `sort_order` ) VALUES  ('231', '2', 'visit_stats', 'select', 'on,off', '', 'on', '1');
INSERT INTO `ecs_touch_shop_config` ( `id`, `parent_id`, `code`, `type`, `store_range`, `store_dir`, `value`, `sort_order` ) VALUES  ('232', '2', 'send_mail_on', 'select', 'on,off', '', 'off', '1');
INSERT INTO `ecs_touch_shop_config` ( `id`, `parent_id`, `code`, `type`, `store_range`, `store_dir`, `value`, `sort_order` ) VALUES  ('233', '2', 'auto_generate_gallery', 'select', '1,0', '', '1', '1');
INSERT INTO `ecs_touch_shop_config` ( `id`, `parent_id`, `code`, `type`, `store_range`, `store_dir`, `value`, `sort_order` ) VALUES  ('234', '2', 'retain_original_img', 'select', '1,0', '', '1', '1');
INSERT INTO `ecs_touch_shop_config` ( `id`, `parent_id`, `code`, `type`, `store_range`, `store_dir`, `value`, `sort_order` ) VALUES  ('235', '2', 'member_email_validate', 'select', '1,0', '', '1', '1');
INSERT INTO `ecs_touch_shop_config` ( `id`, `parent_id`, `code`, `type`, `store_range`, `store_dir`, `value`, `sort_order` ) VALUES  ('236', '2', 'message_board', 'select', '1,0', '', '1', '1');
INSERT INTO `ecs_touch_shop_config` ( `id`, `parent_id`, `code`, `type`, `store_range`, `store_dir`, `value`, `sort_order` ) VALUES  ('239', '2', 'certificate_id', 'hidden', '', '', '1973173734', '1');
INSERT INTO `ecs_touch_shop_config` ( `id`, `parent_id`, `code`, `type`, `store_range`, `store_dir`, `value`, `sort_order` ) VALUES  ('240', '2', 'token', 'hidden', '', '', '05a66699b557e322c2d739cdb0bfde18f536fbc7e850515f7a222d15ef8533b1', '1');
INSERT INTO `ecs_touch_shop_config` ( `id`, `parent_id`, `code`, `type`, `store_range`, `store_dir`, `value`, `sort_order` ) VALUES  ('241', '2', 'certi', 'hidden', '', '', 'http://service.shopex.cn/openapi/api.php', '1');
INSERT INTO `ecs_touch_shop_config` ( `id`, `parent_id`, `code`, `type`, `store_range`, `store_dir`, `value`, `sort_order` ) VALUES  ('242', '2', 'send_verify_email', 'select', '1,0', '', '0', '1');
INSERT INTO `ecs_touch_shop_config` ( `id`, `parent_id`, `code`, `type`, `store_range`, `store_dir`, `value`, `sort_order` ) VALUES  ('243', '2', 'ent_id', 'hidden', '', '', '', '1');
INSERT INTO `ecs_touch_shop_config` ( `id`, `parent_id`, `code`, `type`, `store_range`, `store_dir`, `value`, `sort_order` ) VALUES  ('244', '2', 'ent_ac', 'hidden', '', '', '', '1');
INSERT INTO `ecs_touch_shop_config` ( `id`, `parent_id`, `code`, `type`, `store_range`, `store_dir`, `value`, `sort_order` ) VALUES  ('245', '2', 'ent_sign', 'hidden', '', '', '', '1');
INSERT INTO `ecs_touch_shop_config` ( `id`, `parent_id`, `code`, `type`, `store_range`, `store_dir`, `value`, `sort_order` ) VALUES  ('246', '2', 'ent_email', 'hidden', '', '', '', '1');
INSERT INTO `ecs_touch_shop_config` ( `id`, `parent_id`, `code`, `type`, `store_range`, `store_dir`, `value`, `sort_order` ) VALUES  ('301', '3', 'date_format', 'hidden', '', '', 'Y-m-d', '1');
INSERT INTO `ecs_touch_shop_config` ( `id`, `parent_id`, `code`, `type`, `store_range`, `store_dir`, `value`, `sort_order` ) VALUES  ('302', '3', 'time_format', 'text', '', '', 'Y-m-d H:i:s', '1');
INSERT INTO `ecs_touch_shop_config` ( `id`, `parent_id`, `code`, `type`, `store_range`, `store_dir`, `value`, `sort_order` ) VALUES  ('303', '3', 'currency_format', 'text', '', '', '￥%s元', '1');
INSERT INTO `ecs_touch_shop_config` ( `id`, `parent_id`, `code`, `type`, `store_range`, `store_dir`, `value`, `sort_order` ) VALUES  ('304', '3', 'thumb_width', 'text', '', '', '100', '1');
INSERT INTO `ecs_touch_shop_config` ( `id`, `parent_id`, `code`, `type`, `store_range`, `store_dir`, `value`, `sort_order` ) VALUES  ('305', '3', 'thumb_height', 'text', '', '', '100', '1');
INSERT INTO `ecs_touch_shop_config` ( `id`, `parent_id`, `code`, `type`, `store_range`, `store_dir`, `value`, `sort_order` ) VALUES  ('306', '3', 'image_width', 'text', '', '', '230', '1');
INSERT INTO `ecs_touch_shop_config` ( `id`, `parent_id`, `code`, `type`, `store_range`, `store_dir`, `value`, `sort_order` ) VALUES  ('307', '3', 'image_height', 'text', '', '', '230', '1');
INSERT INTO `ecs_touch_shop_config` ( `id`, `parent_id`, `code`, `type`, `store_range`, `store_dir`, `value`, `sort_order` ) VALUES  ('312', '3', 'top_number', 'text', '', '', '10', '1');
INSERT INTO `ecs_touch_shop_config` ( `id`, `parent_id`, `code`, `type`, `store_range`, `store_dir`, `value`, `sort_order` ) VALUES  ('313', '3', 'history_number', 'text', '', '', '5', '1');
INSERT INTO `ecs_touch_shop_config` ( `id`, `parent_id`, `code`, `type`, `store_range`, `store_dir`, `value`, `sort_order` ) VALUES  ('314', '3', 'comments_number', 'text', '', '', '5', '1');
INSERT INTO `ecs_touch_shop_config` ( `id`, `parent_id`, `code`, `type`, `store_range`, `store_dir`, `value`, `sort_order` ) VALUES  ('315', '3', 'bought_goods', 'text', '', '', '3', '1');
INSERT INTO `ecs_touch_shop_config` ( `id`, `parent_id`, `code`, `type`, `store_range`, `store_dir`, `value`, `sort_order` ) VALUES  ('316', '3', 'article_number', 'text', '', '', '8', '1');
INSERT INTO `ecs_touch_shop_config` ( `id`, `parent_id`, `code`, `type`, `store_range`, `store_dir`, `value`, `sort_order` ) VALUES  ('317', '3', 'goods_name_length', 'text', '', '', '7', '1');
INSERT INTO `ecs_touch_shop_config` ( `id`, `parent_id`, `code`, `type`, `store_range`, `store_dir`, `value`, `sort_order` ) VALUES  ('318', '3', 'price_format', 'select', '0,1,2,3,4,5', '', '5', '1');
INSERT INTO `ecs_touch_shop_config` ( `id`, `parent_id`, `code`, `type`, `store_range`, `store_dir`, `value`, `sort_order` ) VALUES  ('319', '3', 'page_size', 'text', '', '', '10', '1');
INSERT INTO `ecs_touch_shop_config` ( `id`, `parent_id`, `code`, `type`, `store_range`, `store_dir`, `value`, `sort_order` ) VALUES  ('320', '3', 'sort_order_type', 'select', '0,1,2', '', '0', '1');
INSERT INTO `ecs_touch_shop_config` ( `id`, `parent_id`, `code`, `type`, `store_range`, `store_dir`, `value`, `sort_order` ) VALUES  ('321', '3', 'sort_order_method', 'select', '0,1', '', '0', '1');
INSERT INTO `ecs_touch_shop_config` ( `id`, `parent_id`, `code`, `type`, `store_range`, `store_dir`, `value`, `sort_order` ) VALUES  ('322', '3', 'show_order_type', 'select', '0,1,2', '', '1', '1');
INSERT INTO `ecs_touch_shop_config` ( `id`, `parent_id`, `code`, `type`, `store_range`, `store_dir`, `value`, `sort_order` ) VALUES  ('323', '3', 'attr_related_number', 'text', '', '', '5', '1');
INSERT INTO `ecs_touch_shop_config` ( `id`, `parent_id`, `code`, `type`, `store_range`, `store_dir`, `value`, `sort_order` ) VALUES  ('324', '3', 'goods_gallery_number', 'text', '', '', '5', '1');
INSERT INTO `ecs_touch_shop_config` ( `id`, `parent_id`, `code`, `type`, `store_range`, `store_dir`, `value`, `sort_order` ) VALUES  ('325', '3', 'article_title_length', 'text', '', '', '16', '1');
INSERT INTO `ecs_touch_shop_config` ( `id`, `parent_id`, `code`, `type`, `store_range`, `store_dir`, `value`, `sort_order` ) VALUES  ('326', '3', 'name_of_region_1', 'text', '', '', '国家', '1');
INSERT INTO `ecs_touch_shop_config` ( `id`, `parent_id`, `code`, `type`, `store_range`, `store_dir`, `value`, `sort_order` ) VALUES  ('327', '3', 'name_of_region_2', 'text', '', '', '省', '1');
INSERT INTO `ecs_touch_shop_config` ( `id`, `parent_id`, `code`, `type`, `store_range`, `store_dir`, `value`, `sort_order` ) VALUES  ('328', '3', 'name_of_region_3', 'text', '', '', '市', '1');
INSERT INTO `ecs_touch_shop_config` ( `id`, `parent_id`, `code`, `type`, `store_range`, `store_dir`, `value`, `sort_order` ) VALUES  ('329', '3', 'name_of_region_4', 'text', '', '', '区', '1');
INSERT INTO `ecs_touch_shop_config` ( `id`, `parent_id`, `code`, `type`, `store_range`, `store_dir`, `value`, `sort_order` ) VALUES  ('330', '3', 'search_keywords', 'text', '', '', '', '0');
INSERT INTO `ecs_touch_shop_config` ( `id`, `parent_id`, `code`, `type`, `store_range`, `store_dir`, `value`, `sort_order` ) VALUES  ('332', '3', 'related_goods_number', 'text', '', '', '4', '1');
INSERT INTO `ecs_touch_shop_config` ( `id`, `parent_id`, `code`, `type`, `store_range`, `store_dir`, `value`, `sort_order` ) VALUES  ('333', '3', 'help_open', 'select', '0,1', '', '1', '1');
INSERT INTO `ecs_touch_shop_config` ( `id`, `parent_id`, `code`, `type`, `store_range`, `store_dir`, `value`, `sort_order` ) VALUES  ('334', '3', 'article_page_size', 'text', '', '', '10', '1');
INSERT INTO `ecs_touch_shop_config` ( `id`, `parent_id`, `code`, `type`, `store_range`, `store_dir`, `value`, `sort_order` ) VALUES  ('335', '3', 'page_style', 'select', '0,1', '', '1', '1');
INSERT INTO `ecs_touch_shop_config` ( `id`, `parent_id`, `code`, `type`, `store_range`, `store_dir`, `value`, `sort_order` ) VALUES  ('336', '3', 'recommend_order', 'select', '0,1', '', '0', '1');
INSERT INTO `ecs_touch_shop_config` ( `id`, `parent_id`, `code`, `type`, `store_range`, `store_dir`, `value`, `sort_order` ) VALUES  ('337', '3', 'index_ad', 'hidden', '', '', 'sys', '1');
INSERT INTO `ecs_touch_shop_config` ( `id`, `parent_id`, `code`, `type`, `store_range`, `store_dir`, `value`, `sort_order` ) VALUES  ('401', '4', 'can_invoice', 'select', '1,0', '', '1', '1');
INSERT INTO `ecs_touch_shop_config` ( `id`, `parent_id`, `code`, `type`, `store_range`, `store_dir`, `value`, `sort_order` ) VALUES  ('402', '4', 'use_integral', 'select', '1,0', '', '1', '1');
INSERT INTO `ecs_touch_shop_config` ( `id`, `parent_id`, `code`, `type`, `store_range`, `store_dir`, `value`, `sort_order` ) VALUES  ('403', '4', 'use_bonus', 'select', '1,0', '', '1', '1');
INSERT INTO `ecs_touch_shop_config` ( `id`, `parent_id`, `code`, `type`, `store_range`, `store_dir`, `value`, `sort_order` ) VALUES  ('404', '4', 'use_surplus', 'select', '1,0', '', '1', '1');
INSERT INTO `ecs_touch_shop_config` ( `id`, `parent_id`, `code`, `type`, `store_range`, `store_dir`, `value`, `sort_order` ) VALUES  ('405', '4', 'use_how_oos', 'select', '1,0', '', '1', '1');
INSERT INTO `ecs_touch_shop_config` ( `id`, `parent_id`, `code`, `type`, `store_range`, `store_dir`, `value`, `sort_order` ) VALUES  ('406', '4', 'send_confirm_email', 'select', '1,0', '', '0', '1');
INSERT INTO `ecs_touch_shop_config` ( `id`, `parent_id`, `code`, `type`, `store_range`, `store_dir`, `value`, `sort_order` ) VALUES  ('407', '4', 'send_ship_email', 'select', '1,0', '', '0', '1');
INSERT INTO `ecs_touch_shop_config` ( `id`, `parent_id`, `code`, `type`, `store_range`, `store_dir`, `value`, `sort_order` ) VALUES  ('408', '4', 'send_cancel_email', 'select', '1,0', '', '0', '1');
INSERT INTO `ecs_touch_shop_config` ( `id`, `parent_id`, `code`, `type`, `store_range`, `store_dir`, `value`, `sort_order` ) VALUES  ('409', '4', 'send_invalid_email', 'select', '1,0', '', '0', '1');
INSERT INTO `ecs_touch_shop_config` ( `id`, `parent_id`, `code`, `type`, `store_range`, `store_dir`, `value`, `sort_order` ) VALUES  ('410', '4', 'order_pay_note', 'select', '1,0', '', '1', '1');
INSERT INTO `ecs_touch_shop_config` ( `id`, `parent_id`, `code`, `type`, `store_range`, `store_dir`, `value`, `sort_order` ) VALUES  ('411', '4', 'order_unpay_note', 'select', '1,0', '', '1', '1');
INSERT INTO `ecs_touch_shop_config` ( `id`, `parent_id`, `code`, `type`, `store_range`, `store_dir`, `value`, `sort_order` ) VALUES  ('412', '4', 'order_ship_note', 'select', '1,0', '', '1', '1');
INSERT INTO `ecs_touch_shop_config` ( `id`, `parent_id`, `code`, `type`, `store_range`, `store_dir`, `value`, `sort_order` ) VALUES  ('413', '4', 'order_receive_note', 'select', '1,0', '', '1', '1');
INSERT INTO `ecs_touch_shop_config` ( `id`, `parent_id`, `code`, `type`, `store_range`, `store_dir`, `value`, `sort_order` ) VALUES  ('414', '4', 'order_unship_note', 'select', '1,0', '', '1', '1');
INSERT INTO `ecs_touch_shop_config` ( `id`, `parent_id`, `code`, `type`, `store_range`, `store_dir`, `value`, `sort_order` ) VALUES  ('415', '4', 'order_return_note', 'select', '1,0', '', '1', '1');
INSERT INTO `ecs_touch_shop_config` ( `id`, `parent_id`, `code`, `type`, `store_range`, `store_dir`, `value`, `sort_order` ) VALUES  ('416', '4', 'order_invalid_note', 'select', '1,0', '', '1', '1');
INSERT INTO `ecs_touch_shop_config` ( `id`, `parent_id`, `code`, `type`, `store_range`, `store_dir`, `value`, `sort_order` ) VALUES  ('417', '4', 'order_cancel_note', 'select', '1,0', '', '1', '1');
INSERT INTO `ecs_touch_shop_config` ( `id`, `parent_id`, `code`, `type`, `store_range`, `store_dir`, `value`, `sort_order` ) VALUES  ('418', '4', 'invoice_content', 'textarea', '', '', '', '1');
INSERT INTO `ecs_touch_shop_config` ( `id`, `parent_id`, `code`, `type`, `store_range`, `store_dir`, `value`, `sort_order` ) VALUES  ('419', '4', 'anonymous_buy', 'select', '1,0', '', '1', '1');
INSERT INTO `ecs_touch_shop_config` ( `id`, `parent_id`, `code`, `type`, `store_range`, `store_dir`, `value`, `sort_order` ) VALUES  ('420', '4', 'min_goods_amount', 'text', '', '', '0', '1');
INSERT INTO `ecs_touch_shop_config` ( `id`, `parent_id`, `code`, `type`, `store_range`, `store_dir`, `value`, `sort_order` ) VALUES  ('421', '4', 'one_step_buy', 'select', '1,0', '', '0', '1');
INSERT INTO `ecs_touch_shop_config` ( `id`, `parent_id`, `code`, `type`, `store_range`, `store_dir`, `value`, `sort_order` ) VALUES  ('422', '4', 'invoice_type', 'manual', '', '', 'a:2:{s:4:\"type\";a:3:{i:0;s:1:\"1\";i:1;s:1:\"2\";i:2;s:0:\"\";}s:4:\"rate\";a:3:{i:0;d:1;i:1;d:1.5;i:2;d:0;}}', '1');
INSERT INTO `ecs_touch_shop_config` ( `id`, `parent_id`, `code`, `type`, `store_range`, `store_dir`, `value`, `sort_order` ) VALUES  ('423', '4', 'stock_dec_time', 'select', '1,0', '', '0', '1');
INSERT INTO `ecs_touch_shop_config` ( `id`, `parent_id`, `code`, `type`, `store_range`, `store_dir`, `value`, `sort_order` ) VALUES  ('424', '4', 'cart_confirm', 'options', '1,2,3,4', '', '3', '0');
INSERT INTO `ecs_touch_shop_config` ( `id`, `parent_id`, `code`, `type`, `store_range`, `store_dir`, `value`, `sort_order` ) VALUES  ('425', '4', 'send_service_email', 'select', '1,0', '', '0', '1');
INSERT INTO `ecs_touch_shop_config` ( `id`, `parent_id`, `code`, `type`, `store_range`, `store_dir`, `value`, `sort_order` ) VALUES  ('426', '4', 'show_goods_in_cart', 'select', '1,2,3', '', '3', '1');
INSERT INTO `ecs_touch_shop_config` ( `id`, `parent_id`, `code`, `type`, `store_range`, `store_dir`, `value`, `sort_order` ) VALUES  ('427', '4', 'show_attr_in_cart', 'select', '1,0', '', '1', '1');
INSERT INTO `ecs_touch_shop_config` ( `id`, `parent_id`, `code`, `type`, `store_range`, `store_dir`, `value`, `sort_order` ) VALUES  ('501', '5', 'smtp_host', 'text', '', '', 'localhost', '1');
INSERT INTO `ecs_touch_shop_config` ( `id`, `parent_id`, `code`, `type`, `store_range`, `store_dir`, `value`, `sort_order` ) VALUES  ('502', '5', 'smtp_port', 'text', '', '', '25', '1');
INSERT INTO `ecs_touch_shop_config` ( `id`, `parent_id`, `code`, `type`, `store_range`, `store_dir`, `value`, `sort_order` ) VALUES  ('503', '5', 'smtp_user', 'text', '', '', '', '1');
INSERT INTO `ecs_touch_shop_config` ( `id`, `parent_id`, `code`, `type`, `store_range`, `store_dir`, `value`, `sort_order` ) VALUES  ('504', '5', 'smtp_pass', 'password', '', '', '', '1');
INSERT INTO `ecs_touch_shop_config` ( `id`, `parent_id`, `code`, `type`, `store_range`, `store_dir`, `value`, `sort_order` ) VALUES  ('505', '5', 'smtp_mail', 'text', '', '', '', '1');
INSERT INTO `ecs_touch_shop_config` ( `id`, `parent_id`, `code`, `type`, `store_range`, `store_dir`, `value`, `sort_order` ) VALUES  ('506', '5', 'mail_charset', 'select', 'UTF8,GB2312,BIG5', '', 'UTF8', '1');
INSERT INTO `ecs_touch_shop_config` ( `id`, `parent_id`, `code`, `type`, `store_range`, `store_dir`, `value`, `sort_order` ) VALUES  ('507', '5', 'mail_service', 'select', '0,1', '', '0', '0');
INSERT INTO `ecs_touch_shop_config` ( `id`, `parent_id`, `code`, `type`, `store_range`, `store_dir`, `value`, `sort_order` ) VALUES  ('508', '5', 'smtp_ssl', 'select', '0,1', '', '0', '0');
INSERT INTO `ecs_touch_shop_config` ( `id`, `parent_id`, `code`, `type`, `store_range`, `store_dir`, `value`, `sort_order` ) VALUES  ('601', '6', 'integrate_code', 'hidden', '', '', 'ecshop', '1');
INSERT INTO `ecs_touch_shop_config` ( `id`, `parent_id`, `code`, `type`, `store_range`, `store_dir`, `value`, `sort_order` ) VALUES  ('602', '6', 'integrate_config', 'hidden', '', '', '', '1');
INSERT INTO `ecs_touch_shop_config` ( `id`, `parent_id`, `code`, `type`, `store_range`, `store_dir`, `value`, `sort_order` ) VALUES  ('603', '6', 'hash_code', 'hidden', '', '', 'a1b827baf2cfef7fbfbf581376707011', '1');
INSERT INTO `ecs_touch_shop_config` ( `id`, `parent_id`, `code`, `type`, `store_range`, `store_dir`, `value`, `sort_order` ) VALUES  ('604', '6', 'template', 'hidden', '', '', 'default', '1');
INSERT INTO `ecs_touch_shop_config` ( `id`, `parent_id`, `code`, `type`, `store_range`, `store_dir`, `value`, `sort_order` ) VALUES  ('605', '6', 'install_date', 'hidden', '', '', '1405743969', '1');
INSERT INTO `ecs_touch_shop_config` ( `id`, `parent_id`, `code`, `type`, `store_range`, `store_dir`, `value`, `sort_order` ) VALUES  ('606', '6', 'ecs_version', 'hidden', '', '', 'v2.7.3', '1');
INSERT INTO `ecs_touch_shop_config` ( `id`, `parent_id`, `code`, `type`, `store_range`, `store_dir`, `value`, `sort_order` ) VALUES  ('607', '6', 'sms_user_name', 'hidden', '', '', '', '1');
INSERT INTO `ecs_touch_shop_config` ( `id`, `parent_id`, `code`, `type`, `store_range`, `store_dir`, `value`, `sort_order` ) VALUES  ('608', '6', 'sms_password', 'hidden', '', '', '', '1');
INSERT INTO `ecs_touch_shop_config` ( `id`, `parent_id`, `code`, `type`, `store_range`, `store_dir`, `value`, `sort_order` ) VALUES  ('609', '6', 'sms_auth_str', 'hidden', '', '', '', '1');
INSERT INTO `ecs_touch_shop_config` ( `id`, `parent_id`, `code`, `type`, `store_range`, `store_dir`, `value`, `sort_order` ) VALUES  ('610', '6', 'sms_domain', 'hidden', '', '', '', '1');
INSERT INTO `ecs_touch_shop_config` ( `id`, `parent_id`, `code`, `type`, `store_range`, `store_dir`, `value`, `sort_order` ) VALUES  ('611', '6', 'sms_count', 'hidden', '', '', '', '1');
INSERT INTO `ecs_touch_shop_config` ( `id`, `parent_id`, `code`, `type`, `store_range`, `store_dir`, `value`, `sort_order` ) VALUES  ('612', '6', 'sms_total_money', 'hidden', '', '', '', '1');
INSERT INTO `ecs_touch_shop_config` ( `id`, `parent_id`, `code`, `type`, `store_range`, `store_dir`, `value`, `sort_order` ) VALUES  ('613', '6', 'sms_balance', 'hidden', '', '', '', '1');
INSERT INTO `ecs_touch_shop_config` ( `id`, `parent_id`, `code`, `type`, `store_range`, `store_dir`, `value`, `sort_order` ) VALUES  ('614', '6', 'sms_last_request', 'hidden', '', '', '', '1');
INSERT INTO `ecs_touch_shop_config` ( `id`, `parent_id`, `code`, `type`, `store_range`, `store_dir`, `value`, `sort_order` ) VALUES  ('616', '6', 'affiliate', 'hidden', '', '', 'a:3:{s:6:\"config\";a:7:{s:6:\"expire\";d:24;s:11:\"expire_unit\";s:4:\"hour\";s:11:\"separate_by\";i:0;s:15:\"level_point_all\";s:2:\"5%\";s:15:\"level_money_all\";s:2:\"1%\";s:18:\"level_register_all\";i:2;s:17:\"level_register_up\";i:60;}s:4:\"item\";a:4:{i:0;a:2:{s:11:\"level_point\";s:3:\"60%\";s:11:\"level_money\";s:3:\"60%\";}i:1;a:2:{s:11:\"level_point\";s:3:\"30%\";s:11:\"level_money\";s:3:\"30%\";}i:2;a:2:{s:11:\"level_point\";s:2:\"7%\";s:11:\"level_money\";s:2:\"7%\";}i:3;a:2:{s:11:\"level_point\";s:2:\"3%\";s:11:\"level_money\";s:2:\"3%\";}}s:2:\"on\";i:1;}', '1');
INSERT INTO `ecs_touch_shop_config` ( `id`, `parent_id`, `code`, `type`, `store_range`, `store_dir`, `value`, `sort_order` ) VALUES  ('617', '6', 'captcha', 'hidden', '', '', '36', '1');
INSERT INTO `ecs_touch_shop_config` ( `id`, `parent_id`, `code`, `type`, `store_range`, `store_dir`, `value`, `sort_order` ) VALUES  ('618', '6', 'captcha_width', 'hidden', '', '', '100', '1');
INSERT INTO `ecs_touch_shop_config` ( `id`, `parent_id`, `code`, `type`, `store_range`, `store_dir`, `value`, `sort_order` ) VALUES  ('619', '6', 'captcha_height', 'hidden', '', '', '20', '1');
INSERT INTO `ecs_touch_shop_config` ( `id`, `parent_id`, `code`, `type`, `store_range`, `store_dir`, `value`, `sort_order` ) VALUES  ('620', '6', 'sitemap', 'hidden', '', '', 'a:6:{s:19:\"homepage_changefreq\";s:6:\"hourly\";s:17:\"homepage_priority\";s:3:\"0.9\";s:19:\"category_changefreq\";s:6:\"hourly\";s:17:\"category_priority\";s:3:\"0.8\";s:18:\"content_changefreq\";s:6:\"weekly\";s:16:\"content_priority\";s:3:\"0.7\";}', '0');
INSERT INTO `ecs_touch_shop_config` ( `id`, `parent_id`, `code`, `type`, `store_range`, `store_dir`, `value`, `sort_order` ) VALUES  ('621', '6', 'points_rule', 'hidden', '', '', '', '0');
INSERT INTO `ecs_touch_shop_config` ( `id`, `parent_id`, `code`, `type`, `store_range`, `store_dir`, `value`, `sort_order` ) VALUES  ('622', '6', 'flash_theme', 'hidden', '', '', 'dynfocus', '1');
INSERT INTO `ecs_touch_shop_config` ( `id`, `parent_id`, `code`, `type`, `store_range`, `store_dir`, `value`, `sort_order` ) VALUES  ('623', '6', 'stylename', 'hidden', '', '', '', '1');
INSERT INTO `ecs_touch_shop_config` ( `id`, `parent_id`, `code`, `type`, `store_range`, `store_dir`, `value`, `sort_order` ) VALUES  ('701', '7', 'show_goodssn', 'select', '1,0', '', '1', '1');
INSERT INTO `ecs_touch_shop_config` ( `id`, `parent_id`, `code`, `type`, `store_range`, `store_dir`, `value`, `sort_order` ) VALUES  ('702', '7', 'show_brand', 'select', '1,0', '', '1', '1');
INSERT INTO `ecs_touch_shop_config` ( `id`, `parent_id`, `code`, `type`, `store_range`, `store_dir`, `value`, `sort_order` ) VALUES  ('703', '7', 'show_goodsweight', 'select', '1,0', '', '1', '1');
INSERT INTO `ecs_touch_shop_config` ( `id`, `parent_id`, `code`, `type`, `store_range`, `store_dir`, `value`, `sort_order` ) VALUES  ('704', '7', 'show_goodsnumber', 'select', '1,0', '', '1', '1');
INSERT INTO `ecs_touch_shop_config` ( `id`, `parent_id`, `code`, `type`, `store_range`, `store_dir`, `value`, `sort_order` ) VALUES  ('705', '7', 'show_addtime', 'select', '1,0', '', '1', '1');
INSERT INTO `ecs_touch_shop_config` ( `id`, `parent_id`, `code`, `type`, `store_range`, `store_dir`, `value`, `sort_order` ) VALUES  ('706', '7', 'goodsattr_style', 'select', '1,0', '', '1', '1');
INSERT INTO `ecs_touch_shop_config` ( `id`, `parent_id`, `code`, `type`, `store_range`, `store_dir`, `value`, `sort_order` ) VALUES  ('707', '7', 'show_marketprice', 'select', '1,0', '', '1', '1');
INSERT INTO `ecs_touch_shop_config` ( `id`, `parent_id`, `code`, `type`, `store_range`, `store_dir`, `value`, `sort_order` ) VALUES  ('801', '8', 'sms_shop_mobile', 'text', '', '', '', '1');
INSERT INTO `ecs_touch_shop_config` ( `id`, `parent_id`, `code`, `type`, `store_range`, `store_dir`, `value`, `sort_order` ) VALUES  ('802', '8', 'sms_order_placed', 'select', '1,0', '', '0', '1');
INSERT INTO `ecs_touch_shop_config` ( `id`, `parent_id`, `code`, `type`, `store_range`, `store_dir`, `value`, `sort_order` ) VALUES  ('803', '8', 'sms_order_payed', 'select', '1,0', '', '0', '1');
INSERT INTO `ecs_touch_shop_config` ( `id`, `parent_id`, `code`, `type`, `store_range`, `store_dir`, `value`, `sort_order` ) VALUES  ('804', '8', 'sms_order_shipped', 'select', '1,0', '', '0', '1');
INSERT INTO `ecs_touch_shop_config` ( `id`, `parent_id`, `code`, `type`, `store_range`, `store_dir`, `value`, `sort_order` ) VALUES  ('901', '9', 'wap_config', 'select', '1,0', '', '0', '1');
INSERT INTO `ecs_touch_shop_config` ( `id`, `parent_id`, `code`, `type`, `store_range`, `store_dir`, `value`, `sort_order` ) VALUES  ('902', '9', 'wap_logo', 'file', '', '../images/', '', '1');
INSERT INTO `ecs_touch_shop_config` ( `id`, `parent_id`, `code`, `type`, `store_range`, `store_dir`, `value`, `sort_order` ) VALUES  ('903', '2', 'message_check', 'select', '1,0', '', '1', '1');
INSERT INTO `ecs_touch_shop_config` ( `id`, `parent_id`, `code`, `type`, `store_range`, `store_dir`, `value`, `sort_order` ) VALUES  ('904', '8', 'sms_ecmoban_user', 'text', '', '', '', '0');
INSERT INTO `ecs_touch_shop_config` ( `id`, `parent_id`, `code`, `type`, `store_range`, `store_dir`, `value`, `sort_order` ) VALUES  ('905', '8', 'sms_ecmoban_password', 'password', '', '', '', '0');
INSERT INTO `ecs_touch_shop_config` ( `id`, `parent_id`, `code`, `type`, `store_range`, `store_dir`, `value`, `sort_order` ) VALUES  ('906', '8', 'sms_signin', 'select', '1,0', '', '0', '1');
DROP TABLE IF EXISTS `ecs_touch_template`;
CREATE TABLE `ecs_touch_template` (
  `filename` varchar(30) NOT NULL DEFAULT '',
  `region` varchar(40) NOT NULL DEFAULT '',
  `library` varchar(40) NOT NULL DEFAULT '',
  `sort_order` tinyint(1) unsigned NOT NULL DEFAULT '0',
  `id` smallint(5) unsigned NOT NULL DEFAULT '0',
  `number` tinyint(1) unsigned NOT NULL DEFAULT '5',
  `type` tinyint(1) unsigned NOT NULL DEFAULT '0',
  `theme` varchar(60) NOT NULL DEFAULT '',
  `remarks` varchar(30) NOT NULL DEFAULT '',
  KEY `filename` (`filename`,`region`),
  KEY `theme` (`theme`),
  KEY `remarks` (`remarks`)
) ENGINE=MyISAM DEFAULT CHARSET=utf8;
INSERT INTO `ecs_touch_template` ( `filename`, `region`, `library`, `sort_order`, `id`, `number`, `type`, `theme`, `remarks` ) VALUES  ('index', 'touch首页广告区域', '/library/ad_position.lbi', '0', '1', '4', '4', 'default', '');
INSERT INTO `ecs_touch_template` ( `filename`, `region`, `library`, `sort_order`, `id`, `number`, `type`, `theme`, `remarks` ) VALUES  ('index', '中部主区域', '/library/recommend_hot.lbi', '2', '0', '10', '0', 'default', '');
INSERT INTO `ecs_touch_template` ( `filename`, `region`, `library`, `sort_order`, `id`, `number`, `type`, `theme`, `remarks` ) VALUES  ('index', '中部主区域', '/library/recommend_new.lbi', '1', '0', '10', '0', 'default', '');
INSERT INTO `ecs_touch_template` ( `filename`, `region`, `library`, `sort_order`, `id`, `number`, `type`, `theme`, `remarks` ) VALUES  ('index', '中部主区域', '/library/recommend_best.lbi', '0', '0', '10', '0', 'default', '');
DROP TABLE IF EXISTS `ecs_user_account`;
CREATE TABLE `ecs_user_account` (
  `id` mediumint(8) unsigned NOT NULL AUTO_INCREMENT,
  `user_id` mediumint(8) unsigned NOT NULL DEFAULT '0',
  `admin_user` varchar(255) NOT NULL,
  `amount` decimal(10,2) NOT NULL,
  `add_time` int(10) NOT NULL DEFAULT '0',
  `paid_time` int(10) NOT NULL DEFAULT '0',
  `admin_note` varchar(255) NOT NULL,
  `user_note` varchar(255) NOT NULL,
  `process_type` tinyint(1) NOT NULL DEFAULT '0',
  `payment` varchar(90) NOT NULL,
  `is_paid` tinyint(1) NOT NULL DEFAULT '0',
  PRIMARY KEY (`id`),
  KEY `user_id` (`user_id`),
  KEY `is_paid` (`is_paid`)
) ENGINE=MyISAM DEFAULT CHARSET=utf8;
DROP TABLE IF EXISTS `ecs_user_address`;
CREATE TABLE `ecs_user_address` (
  `address_id` mediumint(8) unsigned NOT NULL AUTO_INCREMENT,
  `address_name` varchar(50) NOT NULL DEFAULT '',
  `user_id` mediumint(8) unsigned NOT NULL DEFAULT '0',
  `consignee` varchar(60) NOT NULL DEFAULT '',
  `email` varchar(60) NOT NULL DEFAULT '',
  `country` smallint(5) NOT NULL DEFAULT '0',
  `province` smallint(5) NOT NULL DEFAULT '0',
  `city` smallint(5) NOT NULL DEFAULT '0',
  `district` smallint(5) NOT NULL DEFAULT '0',
  `address` varchar(120) NOT NULL DEFAULT '',
  `zipcode` varchar(60) NOT NULL DEFAULT '',
  `tel` varchar(60) NOT NULL DEFAULT '',
  `mobile` varchar(60) NOT NULL DEFAULT '',
  `sign_building` varchar(120) NOT NULL DEFAULT '',
  `best_time` varchar(120) NOT NULL DEFAULT '',
  PRIMARY KEY (`address_id`),
  KEY `user_id` (`user_id`)
) ENGINE=MyISAM DEFAULT CHARSET=utf8;
INSERT INTO `ecs_user_address` ( `address_id`, `address_name`, `user_id`, `consignee`, `email`, `country`, `province`, `city`, `district`, `address`, `zipcode`, `tel`, `mobile`, `sign_building`, `best_time` ) VALUES  ('1', '', '1', '刘先生', 'ecshop@ecshop.com', '1', '2', '52', '502', '海兴大厦', '', '010-25851234', '13986765412', '', '');
INSERT INTO `ecs_user_address` ( `address_id`, `address_name`, `user_id`, `consignee`, `email`, `country`, `province`, `city`, `district`, `address`, `zipcode`, `tel`, `mobile`, `sign_building`, `best_time` ) VALUES  ('2', '', '3', '叶先生', 'text@ecshop.com', '1', '2', '52', '510', '通州区旗舰凯旋小区', '', '13588104710', '', '', '');
INSERT INTO `ecs_user_address` ( `address_id`, `address_name`, `user_id`, `consignee`, `email`, `country`, `province`, `city`, `district`, `address`, `zipcode`, `tel`, `mobile`, `sign_building`, `best_time` ) VALUES  ('3', '', '9', '1111', '123456789@qq.com', '1', '6', '82', '760', '11111111111', '11111', '11111199999', '', '', '');
INSERT INTO `ecs_user_address` ( `address_id`, `address_name`, `user_id`, `consignee`, `email`, `country`, `province`, `city`, `district`, `address`, `zipcode`, `tel`, `mobile`, `sign_building`, `best_time` ) VALUES  ('4', '', '10', '11', 'admin123@qq.com', '1', '6', '82', '760', '111', '', '2222', '', '', '');
INSERT INTO `ecs_user_address` ( `address_id`, `address_name`, `user_id`, `consignee`, `email`, `country`, `province`, `city`, `district`, `address`, `zipcode`, `tel`, `mobile`, `sign_building`, `best_time` ) VALUES  ('5', '', '8', 'dagaf', '123@qq.com', '1', '3', '37', '410', 'hgahahahahr', '', '12345678993', '', '', '');
INSERT INTO `ecs_user_address` ( `address_id`, `address_name`, `user_id`, `consignee`, `email`, `country`, `province`, `city`, `district`, `address`, `zipcode`, `tel`, `mobile`, `sign_building`, `best_time` ) VALUES  ('6', '', '11', '123', 'yangting@ecmoban.com', '1', '3', '37', '410', '从常常常常常常', '', '1224343', '', '', '');
DROP TABLE IF EXISTS `ecs_user_bonus`;
CREATE TABLE `ecs_user_bonus` (
  `bonus_id` mediumint(8) unsigned NOT NULL AUTO_INCREMENT,
  `bonus_type_id` tinyint(3) unsigned NOT NULL DEFAULT '0',
  `bonus_sn` bigint(20) unsigned NOT NULL DEFAULT '0',
  `user_id` mediumint(8) unsigned NOT NULL DEFAULT '0',
  `used_time` int(10) unsigned NOT NULL DEFAULT '0',
  `order_id` mediumint(8) unsigned NOT NULL DEFAULT '0',
  `emailed` tinyint(3) unsigned NOT NULL DEFAULT '0',
  PRIMARY KEY (`bonus_id`),
  KEY `user_id` (`user_id`)
) ENGINE=MyISAM DEFAULT CHARSET=utf8;
INSERT INTO `ecs_user_bonus` ( `bonus_id`, `bonus_type_id`, `bonus_sn`, `user_id`, `used_time`, `order_id`, `emailed` ) VALUES  ('1', '3', '0', '1', '1242142681', '4', '0');
INSERT INTO `ecs_user_bonus` ( `bonus_id`, `bonus_type_id`, `bonus_sn`, `user_id`, `used_time`, `order_id`, `emailed` ) VALUES  ('2', '4', '1000003379', '1', '1242976699', '14', '0');
INSERT INTO `ecs_user_bonus` ( `bonus_id`, `bonus_type_id`, `bonus_sn`, `user_id`, `used_time`, `order_id`, `emailed` ) VALUES  ('3', '4', '1000018450', '0', '0', '0', '0');
INSERT INTO `ecs_user_bonus` ( `bonus_id`, `bonus_type_id`, `bonus_sn`, `user_id`, `used_time`, `order_id`, `emailed` ) VALUES  ('4', '4', '1000023774', '0', '0', '0', '0');
INSERT INTO `ecs_user_bonus` ( `bonus_id`, `bonus_type_id`, `bonus_sn`, `user_id`, `used_time`, `order_id`, `emailed` ) VALUES  ('5', '4', '1000039394', '0', '0', '0', '0');
INSERT INTO `ecs_user_bonus` ( `bonus_id`, `bonus_type_id`, `bonus_sn`, `user_id`, `used_time`, `order_id`, `emailed` ) VALUES  ('6', '4', '1000049305', '0', '0', '0', '0');
INSERT INTO `ecs_user_bonus` ( `bonus_id`, `bonus_type_id`, `bonus_sn`, `user_id`, `used_time`, `order_id`, `emailed` ) VALUES  ('7', '4', '1000052248', '0', '0', '0', '0');
INSERT INTO `ecs_user_bonus` ( `bonus_id`, `bonus_type_id`, `bonus_sn`, `user_id`, `used_time`, `order_id`, `emailed` ) VALUES  ('8', '4', '1000061542', '0', '0', '0', '0');
INSERT INTO `ecs_user_bonus` ( `bonus_id`, `bonus_type_id`, `bonus_sn`, `user_id`, `used_time`, `order_id`, `emailed` ) VALUES  ('9', '4', '1000070278', '0', '0', '0', '0');
INSERT INTO `ecs_user_bonus` ( `bonus_id`, `bonus_type_id`, `bonus_sn`, `user_id`, `used_time`, `order_id`, `emailed` ) VALUES  ('10', '4', '1000080588', '0', '0', '0', '0');
INSERT INTO `ecs_user_bonus` ( `bonus_id`, `bonus_type_id`, `bonus_sn`, `user_id`, `used_time`, `order_id`, `emailed` ) VALUES  ('11', '4', '1000091405', '0', '0', '0', '0');
INSERT INTO `ecs_user_bonus` ( `bonus_id`, `bonus_type_id`, `bonus_sn`, `user_id`, `used_time`, `order_id`, `emailed` ) VALUES  ('24', '3', '0', '1', '0', '0', '0');
INSERT INTO `ecs_user_bonus` ( `bonus_id`, `bonus_type_id`, `bonus_sn`, `user_id`, `used_time`, `order_id`, `emailed` ) VALUES  ('25', '3', '0', '1', '0', '0', '0');
INSERT INTO `ecs_user_bonus` ( `bonus_id`, `bonus_type_id`, `bonus_sn`, `user_id`, `used_time`, `order_id`, `emailed` ) VALUES  ('26', '3', '0', '1', '0', '0', '0');
INSERT INTO `ecs_user_bonus` ( `bonus_id`, `bonus_type_id`, `bonus_sn`, `user_id`, `used_time`, `order_id`, `emailed` ) VALUES  ('27', '3', '0', '1', '0', '0', '0');
INSERT INTO `ecs_user_bonus` ( `bonus_id`, `bonus_type_id`, `bonus_sn`, `user_id`, `used_time`, `order_id`, `emailed` ) VALUES  ('28', '3', '0', '1', '0', '0', '0');
INSERT INTO `ecs_user_bonus` ( `bonus_id`, `bonus_type_id`, `bonus_sn`, `user_id`, `used_time`, `order_id`, `emailed` ) VALUES  ('29', '3', '0', '1', '0', '0', '0');
INSERT INTO `ecs_user_bonus` ( `bonus_id`, `bonus_type_id`, `bonus_sn`, `user_id`, `used_time`, `order_id`, `emailed` ) VALUES  ('30', '3', '0', '1', '0', '0', '0');
INSERT INTO `ecs_user_bonus` ( `bonus_id`, `bonus_type_id`, `bonus_sn`, `user_id`, `used_time`, `order_id`, `emailed` ) VALUES  ('31', '3', '0', '1', '0', '0', '0');
INSERT INTO `ecs_user_bonus` ( `bonus_id`, `bonus_type_id`, `bonus_sn`, `user_id`, `used_time`, `order_id`, `emailed` ) VALUES  ('32', '5', '0', '11', '0', '0', '0');
INSERT INTO `ecs_user_bonus` ( `bonus_id`, `bonus_type_id`, `bonus_sn`, `user_id`, `used_time`, `order_id`, `emailed` ) VALUES  ('33', '5', '0', '11', '0', '0', '0');
INSERT INTO `ecs_user_bonus` ( `bonus_id`, `bonus_type_id`, `bonus_sn`, `user_id`, `used_time`, `order_id`, `emailed` ) VALUES  ('34', '5', '0', '11', '0', '0', '0');
INSERT INTO `ecs_user_bonus` ( `bonus_id`, `bonus_type_id`, `bonus_sn`, `user_id`, `used_time`, `order_id`, `emailed` ) VALUES  ('35', '5', '0', '11', '0', '0', '0');
INSERT INTO `ecs_user_bonus` ( `bonus_id`, `bonus_type_id`, `bonus_sn`, `user_id`, `used_time`, `order_id`, `emailed` ) VALUES  ('36', '5', '0', '11', '0', '0', '0');
INSERT INTO `ecs_user_bonus` ( `bonus_id`, `bonus_type_id`, `bonus_sn`, `user_id`, `used_time`, `order_id`, `emailed` ) VALUES  ('37', '5', '0', '11', '0', '0', '0');
INSERT INTO `ecs_user_bonus` ( `bonus_id`, `bonus_type_id`, `bonus_sn`, `user_id`, `used_time`, `order_id`, `emailed` ) VALUES  ('38', '5', '0', '11', '0', '0', '0');
INSERT INTO `ecs_user_bonus` ( `bonus_id`, `bonus_type_id`, `bonus_sn`, `user_id`, `used_time`, `order_id`, `emailed` ) VALUES  ('39', '5', '0', '11', '0', '0', '0');
DROP TABLE IF EXISTS `ecs_user_feed`;
CREATE TABLE `ecs_user_feed` (
  `feed_id` mediumint(8) unsigned NOT NULL AUTO_INCREMENT,
  `user_id` mediumint(8) unsigned NOT NULL DEFAULT '0',
  `value_id` mediumint(8) unsigned NOT NULL DEFAULT '0',
  `goods_id` mediumint(8) unsigned NOT NULL DEFAULT '0',
  `feed_type` tinyint(1) unsigned NOT NULL DEFAULT '0',
  `is_feed` tinyint(1) unsigned NOT NULL DEFAULT '0',
  PRIMARY KEY (`feed_id`)
) ENGINE=MyISAM DEFAULT CHARSET=utf8;
DROP TABLE IF EXISTS `ecs_user_rank`;
CREATE TABLE `ecs_user_rank` (
  `rank_id` tinyint(3) unsigned NOT NULL AUTO_INCREMENT,
  `rank_name` varchar(30) NOT NULL DEFAULT '',
  `min_points` int(10) unsigned NOT NULL DEFAULT '0',
  `max_points` int(10) unsigned NOT NULL DEFAULT '0',
  `discount` tinyint(3) unsigned NOT NULL DEFAULT '0',
  `show_price` tinyint(1) unsigned NOT NULL DEFAULT '1',
  `special_rank` tinyint(1) unsigned NOT NULL DEFAULT '0',
  PRIMARY KEY (`rank_id`)
) ENGINE=MyISAM DEFAULT CHARSET=utf8;
INSERT INTO `ecs_user_rank` ( `rank_id`, `rank_name`, `min_points`, `max_points`, `discount`, `show_price`, `special_rank` ) VALUES  ('1', '注册用户', '0', '10000', '100', '1', '0');
INSERT INTO `ecs_user_rank` ( `rank_id`, `rank_name`, `min_points`, `max_points`, `discount`, `show_price`, `special_rank` ) VALUES  ('2', 'vip', '10000', '10000000', '95', '1', '0');
INSERT INTO `ecs_user_rank` ( `rank_id`, `rank_name`, `min_points`, `max_points`, `discount`, `show_price`, `special_rank` ) VALUES  ('3', '代销用户', '0', '0', '90', '0', '1');
DROP TABLE IF EXISTS `ecs_users`;
CREATE TABLE `ecs_users` (
  `user_id` mediumint(8) unsigned NOT NULL AUTO_INCREMENT,
  `aite_id` text NOT NULL,
  `email` varchar(60) NOT NULL DEFAULT '',
  `user_name` varchar(60) NOT NULL DEFAULT '',
  `password` varchar(32) NOT NULL DEFAULT '',
  `question` varchar(255) NOT NULL DEFAULT '',
  `answer` varchar(255) NOT NULL DEFAULT '',
  `sex` tinyint(1) unsigned NOT NULL DEFAULT '0',
  `birthday` date NOT NULL DEFAULT '0000-00-00',
  `user_money` decimal(10,2) NOT NULL DEFAULT '0.00',
  `frozen_money` decimal(10,2) NOT NULL DEFAULT '0.00',
  `pay_points` int(10) unsigned NOT NULL DEFAULT '0',
  `rank_points` int(10) unsigned NOT NULL DEFAULT '0',
  `address_id` mediumint(8) unsigned NOT NULL DEFAULT '0',
  `reg_time` int(10) unsigned NOT NULL DEFAULT '0',
  `last_login` int(11) unsigned NOT NULL DEFAULT '0',
  `last_time` datetime NOT NULL DEFAULT '0000-00-00 00:00:00',
  `last_ip` varchar(15) NOT NULL DEFAULT '',
  `visit_count` smallint(5) unsigned NOT NULL DEFAULT '0',
  `user_rank` tinyint(3) unsigned NOT NULL DEFAULT '0',
  `is_special` tinyint(3) unsigned NOT NULL DEFAULT '0',
  `ec_salt` varchar(10) DEFAULT NULL,
  `salt` varchar(10) NOT NULL DEFAULT '0',
  `parent_id` mediumint(9) NOT NULL DEFAULT '0',
  `flag` tinyint(3) unsigned NOT NULL DEFAULT '0',
  `alias` varchar(60) NOT NULL,
  `msn` varchar(60) NOT NULL,
  `qq` varchar(20) NOT NULL,
  `office_phone` varchar(20) NOT NULL,
  `home_phone` varchar(20) NOT NULL,
  `mobile_phone` varchar(20) NOT NULL,
  `is_validated` tinyint(3) unsigned NOT NULL DEFAULT '0',
  `credit_line` decimal(10,2) unsigned NOT NULL,
  `passwd_question` varchar(50) DEFAULT NULL,
  `passwd_answer` varchar(255) DEFAULT NULL,
  `people_img` varchar(255) NOT NULL,
  PRIMARY KEY (`user_id`),
  UNIQUE KEY `user_name` (`user_name`),
  KEY `email` (`email`),
  KEY `parent_id` (`parent_id`),
  KEY `flag` (`flag`)
) ENGINE=MyISAM DEFAULT CHARSET=utf8;
INSERT INTO `ecs_users` ( `user_id`, `aite_id`, `email`, `user_name`, `password`, `question`, `answer`, `sex`, `birthday`, `user_money`, `frozen_money`, `pay_points`, `rank_points`, `address_id`, `reg_time`, `last_login`, `last_time`, `last_ip`, `visit_count`, `user_rank`, `is_special`, `ec_salt`, `salt`, `parent_id`, `flag`, `alias`, `msn`, `qq`, `office_phone`, `home_phone`, `mobile_phone`, `is_validated`, `credit_line`, `passwd_question`, `passwd_answer`, `people_img` ) VALUES  ('1', '', 'ecshop@ecshop.com', 'ecshop', '554fcae493e564ee0dc75bdf2ebf94ca', '', '', '0', '1960-03-03', '0.00', '0.00', '98388', '15390', '1', '0', '1245048540', '0000-00-00 00:00:00', '0.0.0.0', '11', '0', '0', '', '0', '0', '0', '', '', '', '', '', '', '0', '0.00', '', '', '');
INSERT INTO `ecs_users` ( `user_id`, `aite_id`, `email`, `user_name`, `password`, `question`, `answer`, `sex`, `birthday`, `user_money`, `frozen_money`, `pay_points`, `rank_points`, `address_id`, `reg_time`, `last_login`, `last_time`, `last_ip`, `visit_count`, `user_rank`, `is_special`, `ec_salt`, `salt`, `parent_id`, `flag`, `alias`, `msn`, `qq`, `office_phone`, `home_phone`, `mobile_phone`, `is_validated`, `credit_line`, `passwd_question`, `passwd_answer`, `people_img` ) VALUES  ('2', '', 'vip@ecshop.com', 'vip', '232059cb5361a9336ccf1b8c2ba7657a', '', '', '0', '1949-01-01', '0.00', '0.00', '0', '0', '0', '0', '0', '0000-00-00 00:00:00', '', '0', '0', '0', '', '0', '0', '0', '', '', '', '', '', '', '0', '0.00', '', '', '');
INSERT INTO `ecs_users` ( `user_id`, `aite_id`, `email`, `user_name`, `password`, `question`, `answer`, `sex`, `birthday`, `user_money`, `frozen_money`, `pay_points`, `rank_points`, `address_id`, `reg_time`, `last_login`, `last_time`, `last_ip`, `visit_count`, `user_rank`, `is_special`, `ec_salt`, `salt`, `parent_id`, `flag`, `alias`, `msn`, `qq`, `office_phone`, `home_phone`, `mobile_phone`, `is_validated`, `credit_line`, `passwd_question`, `passwd_answer`, `people_img` ) VALUES  ('3', '', 'text@ecshop.com', 'text', '1cb251ec0d568de6a929b520c4aed8d1', '', '', '0', '1949-01-01', '0.00', '0.00', '0', '0', '2', '0', '1242973574', '0000-00-00 00:00:00', '0.0.0.0', '2', '0', '0', '', '0', '0', '0', '', '', '', '', '', '', '0', '0.00', '', '', '');
INSERT INTO `ecs_users` ( `user_id`, `aite_id`, `email`, `user_name`, `password`, `question`, `answer`, `sex`, `birthday`, `user_money`, `frozen_money`, `pay_points`, `rank_points`, `address_id`, `reg_time`, `last_login`, `last_time`, `last_ip`, `visit_count`, `user_rank`, `is_special`, `ec_salt`, `salt`, `parent_id`, `flag`, `alias`, `msn`, `qq`, `office_phone`, `home_phone`, `mobile_phone`, `is_validated`, `credit_line`, `passwd_question`, `passwd_answer`, `people_img` ) VALUES  ('5', '', 'zuanshi@ecshop.com', 'zuanshi', '815a71fb334412e7ba4595741c5a111d', '', '', '0', '1949-01-01', '0.00', '10000.00', '0', '0', '0', '0', '0', '0000-00-00 00:00:00', '', '0', '3', '0', '', '0', '0', '0', '', '', '', '', '', '', '0', '0.00', '', '', '');
INSERT INTO `ecs_users` ( `user_id`, `aite_id`, `email`, `user_name`, `password`, `question`, `answer`, `sex`, `birthday`, `user_money`, `frozen_money`, `pay_points`, `rank_points`, `address_id`, `reg_time`, `last_login`, `last_time`, `last_ip`, `visit_count`, `user_rank`, `is_special`, `ec_salt`, `salt`, `parent_id`, `flag`, `alias`, `msn`, `qq`, `office_phone`, `home_phone`, `mobile_phone`, `is_validated`, `credit_line`, `passwd_question`, `passwd_answer`, `people_img` ) VALUES  ('6', '', '497110669@qq.com', '周欢', '12c4009a19335a3777e57dd10192e7fb', '', '', '0', '0000-00-00', '0.00', '0.00', '0', '0', '0', '1381276290', '1381276290', '0000-00-00 00:00:00', '127.0.0.1', '1', '0', '0', '', '0', '0', '0', '', '1111@live.cn', '444444', '44444', '55555', '66666', '0', '0.00', 'motto', '7777777', '');
INSERT INTO `ecs_users` ( `user_id`, `aite_id`, `email`, `user_name`, `password`, `question`, `answer`, `sex`, `birthday`, `user_money`, `frozen_money`, `pay_points`, `rank_points`, `address_id`, `reg_time`, `last_login`, `last_time`, `last_ip`, `visit_count`, `user_rank`, `is_special`, `ec_salt`, `salt`, `parent_id`, `flag`, `alias`, `msn`, `qq`, `office_phone`, `home_phone`, `mobile_phone`, `is_validated`, `credit_line`, `passwd_question`, `passwd_answer`, `people_img` ) VALUES  ('7', '', '123456@qq.com', '123456', '80e7a5f22e22a906efa21f5491050758', '', '', '0', '0000-00-00', '0.00', '0.00', '0', '0', '0', '1383007932', '1384818204', '0000-00-00 00:00:00', '127.0.0.1', '2', '0', '0', '9072', '0', '0', '0', '', '', '', '', '', '', '0', '0.00', '', '', '');
INSERT INTO `ecs_users` ( `user_id`, `aite_id`, `email`, `user_name`, `password`, `question`, `answer`, `sex`, `birthday`, `user_money`, `frozen_money`, `pay_points`, `rank_points`, `address_id`, `reg_time`, `last_login`, `last_time`, `last_ip`, `visit_count`, `user_rank`, `is_special`, `ec_salt`, `salt`, `parent_id`, `flag`, `alias`, `msn`, `qq`, `office_phone`, `home_phone`, `mobile_phone`, `is_validated`, `credit_line`, `passwd_question`, `passwd_answer`, `people_img` ) VALUES  ('8', '', '123@qq.com', 'admin123', 'b5b5312f406815d38eaeba88aae69e7d', '', '', '0', '1954-01-01', '0.00', '0.00', '5860', '5860', '5', '1386290864', '1407350695', '0000-00-00 00:00:00', '192.168.1.52', '1173', '0', '0', '7839', '0', '0', '0', '', '', '', '', '', '', '0', '0.00', '', '', '8_20140805wwqzoe.jpg');
INSERT INTO `ecs_users` ( `user_id`, `aite_id`, `email`, `user_name`, `password`, `question`, `answer`, `sex`, `birthday`, `user_money`, `frozen_money`, `pay_points`, `rank_points`, `address_id`, `reg_time`, `last_login`, `last_time`, `last_ip`, `visit_count`, `user_rank`, `is_special`, `ec_salt`, `salt`, `parent_id`, `flag`, `alias`, `msn`, `qq`, `office_phone`, `home_phone`, `mobile_phone`, `is_validated`, `credit_line`, `passwd_question`, `passwd_answer`, `people_img` ) VALUES  ('9', '', '123456789@qq.com', '123456789', '1c989fbb8c9b5b1bdca927c8a2e3a7c9', '', '', '0', '0000-00-00', '0.00', '0.00', '0', '0', '3', '1386542427', '1387500589', '0000-00-00 00:00:00', '127.0.0.1', '48', '0', '0', '6405', '0', '0', '0', '', '', '', '', '', '', '0', '0.00', '', '', '');
INSERT INTO `ecs_users` ( `user_id`, `aite_id`, `email`, `user_name`, `password`, `question`, `answer`, `sex`, `birthday`, `user_money`, `frozen_money`, `pay_points`, `rank_points`, `address_id`, `reg_time`, `last_login`, `last_time`, `last_ip`, `visit_count`, `user_rank`, `is_special`, `ec_salt`, `salt`, `parent_id`, `flag`, `alias`, `msn`, `qq`, `office_phone`, `home_phone`, `mobile_phone`, `is_validated`, `credit_line`, `passwd_question`, `passwd_answer`, `people_img` ) VALUES  ('10', '', 'admin123@qq.com', 'admin9041', '650cdb11cd428301302c1043b87666fd', '', '', '0', '0000-00-00', '0.00', '0.00', '0', '0', '4', '1388096666', '1400525937', '0000-00-00 00:00:00', '127.0.0.1', '7', '0', '0', '4674', '0', '0', '0', '', '', '', '', '', '', '0', '0.00', '', '', '');
INSERT INTO `ecs_users` ( `user_id`, `aite_id`, `email`, `user_name`, `password`, `question`, `answer`, `sex`, `birthday`, `user_money`, `frozen_money`, `pay_points`, `rank_points`, `address_id`, `reg_time`, `last_login`, `last_time`, `last_ip`, `visit_count`, `user_rank`, `is_special`, `ec_salt`, `salt`, `parent_id`, `flag`, `alias`, `msn`, `qq`, `office_phone`, `home_phone`, `mobile_phone`, `is_validated`, `credit_line`, `passwd_question`, `passwd_answer`, `people_img` ) VALUES  ('11', '', 'yangting@ecmoban.com', 'yang', '718c133989a0bcb5c02dd8bbbaf674b2', '', '', '0', '1954-01-01', '0.00', '0.00', '699', '800', '6', '1407269132', '1407362197', '0000-00-00 00:00:00', '192.168.1.72', '6', '0', '0', '1187', '0', '0', '0', '', '', '', '', '', '', '0', '0.00', '', '', '');
INSERT INTO `ecs_users` ( `user_id`, `aite_id`, `email`, `user_name`, `password`, `question`, `answer`, `sex`, `birthday`, `user_money`, `frozen_money`, `pay_points`, `rank_points`, `address_id`, `reg_time`, `last_login`, `last_time`, `last_ip`, `visit_count`, `user_rank`, `is_special`, `ec_salt`, `salt`, `parent_id`, `flag`, `alias`, `msn`, `qq`, `office_phone`, `home_phone`, `mobile_phone`, `is_validated`, `credit_line`, `passwd_question`, `passwd_answer`, `people_img` ) VALUES  ('12', '', '1000001@qq.com', 'testadmin', '9283a03246ef2dacdc21a9b137817ec1', '', '', '0', '0000-00-00', '0.00', '0.00', '0', '0', '0', '1412915276', '1412915276', '0000-00-00 00:00:00', '192.168.1.135', '1', '0', '0', '', '0', '0', '0', '', '', '', '', '', '', '0', '0.00', '', '', '');
DROP TABLE IF EXISTS `ecs_virtual_card`;
CREATE TABLE `ecs_virtual_card` (
  `card_id` mediumint(8) NOT NULL AUTO_INCREMENT,
  `goods_id` mediumint(8) unsigned NOT NULL DEFAULT '0',
  `card_sn` varchar(60) NOT NULL DEFAULT '',
  `card_password` varchar(60) NOT NULL DEFAULT '',
  `add_date` int(11) NOT NULL DEFAULT '0',
  `end_date` int(11) NOT NULL DEFAULT '0',
  `is_saled` tinyint(1) NOT NULL DEFAULT '0',
  `order_sn` varchar(20) NOT NULL DEFAULT '',
  `crc32` varchar(12) NOT NULL DEFAULT '0',
  PRIMARY KEY (`card_id`),
  KEY `goods_id` (`goods_id`),
  KEY `car_sn` (`card_sn`),
  KEY `is_saled` (`is_saled`)
) ENGINE=MyISAM DEFAULT CHARSET=utf8;
INSERT INTO `ecs_virtual_card` ( `card_id`, `goods_id`, `card_sn`, `card_password`, `add_date`, `end_date`, `is_saled`, `order_sn`, `crc32` ) VALUES  ('1', '25', 'RVlYQhFY', 'RVlYQhFYQg', '1241972716', '1273449600', '0', '', '-1958172277');
INSERT INTO `ecs_virtual_card` ( `card_id`, `goods_id`, `card_sn`, `card_password`, `add_date`, `end_date`, `is_saled`, `order_sn`, `crc32` ) VALUES  ('2', '25', 'RVlYQhFYQhFQEg', 'RVlYQhFYQhFQEg', '1241972726', '1273449600', '0', '', '-1958172277');
INSERT INTO `ecs_virtual_card` ( `card_id`, `goods_id`, `card_sn`, `card_password`, `add_date`, `end_date`, `is_saled`, `order_sn`, `crc32` ) VALUES  ('3', '26', 'RVlYQhFYQg', 'RVlYQhFYQg', '1241972801', '1273449600', '0', '', '-1958172277');
INSERT INTO `ecs_virtual_card` ( `card_id`, `goods_id`, `card_sn`, `card_password`, `add_date`, `end_date`, `is_saled`, `order_sn`, `crc32` ) VALUES  ('4', '26', 'RVlYQhFYQhFQEVo', 'RVlYQhFYQhFQEVo', '1241972811', '1273449600', '0', '', '-1958172277');
INSERT INTO `ecs_virtual_card` ( `card_id`, `goods_id`, `card_sn`, `card_password`, `add_date`, `end_date`, `is_saled`, `order_sn`, `crc32` ) VALUES  ('5', '27', 'RlpbQRI', 'RlpbQRJbQQ', '1241972903', '1273449600', '0', '', '-1958172277');
INSERT INTO `ecs_virtual_card` ( `card_id`, `goods_id`, `card_sn`, `card_password`, `add_date`, `end_date`, `is_saled`, `order_sn`, `crc32` ) VALUES  ('6', '27', 'RlpbQRJbQg', 'RVpbQBJaQRE', '1241972911', '1273449600', '0', '', '-1958172277');
INSERT INTO `ecs_virtual_card` ( `card_id`, `goods_id`, `card_sn`, `card_password`, `add_date`, `end_date`, `is_saled`, `order_sn`, `crc32` ) VALUES  ('7', '30', 'RVtbQBJYQBJQE1lU', 'R1pYRxJaQhRTEVhXSEdaWA', '1241973121', '1273449600', '0', '', '-1958172277');
INSERT INTO `ecs_virtual_card` ( `card_id`, `goods_id`, `card_sn`, `card_password`, `add_date`, `end_date`, `is_saled`, `order_sn`, `crc32` ) VALUES  ('8', '30', 'R1pYRxJYRxNTFV9S', 'TF5cQBVdQA', '1241973127', '1273449600', '0', '', '-1958172277');
INSERT INTO `ecs_virtual_card` ( `card_id`, `goods_id`, `card_sn`, `card_password`, `add_date`, `end_date`, `is_saled`, `order_sn`, `crc32` ) VALUES  ('9', '30', 'Q15cSxZeRhhWFg', 'TV9fSxdfSxdXGFxTQUI', '1241973134', '1273449600', '0', '', '-1958172277');
INSERT INTO `ecs_virtual_card` ( `card_id`, `goods_id`, `card_sn`, `card_password`, `add_date`, `end_date`, `is_saled`, `order_sn`, `crc32` ) VALUES  ('10', '30', 'QVxaRhRaRhRSF11d', 'TFBeRRheRRhWFlJdSU1Q', '1241973146', '1273449600', '0', '', '-1958172277');
INSERT INTO `ecs_virtual_card` ( `card_id`, `goods_id`, `card_sn`, `card_password`, `add_date`, `end_date`, `is_saled`, `order_sn`, `crc32` ) VALUES  ('11', '30', 'R1xaRxNcRw', 'QF1dRRVdRBY', '1241973157', '1273449600', '0', '', '-1958172277');
INSERT INTO `ecs_virtual_card` ( `card_id`, `goods_id`, `card_sn`, `card_password`, `add_date`, `end_date`, `is_saled`, `order_sn`, `crc32` ) VALUES  ('12', '30', 'RlpbQRNdQBJU', 'R1xaQRRaQRVSEg', '1241973164', '1273449600', '0', '', '-1958172277');
INSERT INTO `ecs_virtual_card` ( `card_id`, `goods_id`, `card_sn`, `card_password`, `add_date`, `end_date`, `is_saled`, `order_sn`, `crc32` ) VALUES  ('13', '30', 'RltdQBRaQQ', 'Rl1dRRheRRhYF10', '1241973170', '1273449600', '0', '', '-1958172277');
INSERT INTO `ecs_virtual_card` ( `card_id`, `goods_id`, `card_sn`, `card_password`, `add_date`, `end_date`, `is_saled`, `order_sn`, `crc32` ) VALUES  ('14', '30', 'RltdQBVeRhg', 'RlxaQRZeRhVV', '1241973178', '1273449600', '0', '', '-1958172277');
INSERT INTO `ecs_virtual_card` ( `card_id`, `goods_id`, `card_sn`, `card_password`, `add_date`, `end_date`, `is_saled`, `order_sn`, `crc32` ) VALUES  ('15', '30', 'QFtbRhRaQRZVEw', 'Rl1aQRRaQRZUElg', '1241973185', '1273449600', '0', '', '-1958172277');
DROP TABLE IF EXISTS `ecs_volume_price`;
CREATE TABLE `ecs_volume_price` (
  `price_type` tinyint(1) unsigned NOT NULL,
  `goods_id` mediumint(8) unsigned NOT NULL,
  `volume_number` smallint(5) unsigned NOT NULL DEFAULT '0',
  `volume_price` decimal(10,2) NOT NULL DEFAULT '0.00',
  PRIMARY KEY (`price_type`,`goods_id`,`volume_number`)
) ENGINE=MyISAM DEFAULT CHARSET=utf8;
INSERT INTO `ecs_volume_price` ( `price_type`, `goods_id`, `volume_number`, `volume_price` ) VALUES  ('1', '1', '5', '1366.00');
INSERT INTO `ecs_volume_price` ( `price_type`, `goods_id`, `volume_number`, `volume_price` ) VALUES  ('1', '9', '5', '2100.00');
INSERT INTO `ecs_volume_price` ( `price_type`, `goods_id`, `volume_number`, `volume_price` ) VALUES  ('1', '9', '3', '2200.00');
INSERT INTO `ecs_volume_price` ( `price_type`, `goods_id`, `volume_number`, `volume_price` ) VALUES  ('1', '13', '5', '1150.00');
INSERT INTO `ecs_volume_price` ( `price_type`, `goods_id`, `volume_number`, `volume_price` ) VALUES  ('1', '13', '3', '1200.00');
DROP TABLE IF EXISTS `ecs_vote`;
CREATE TABLE `ecs_vote` (
  `vote_id` smallint(5) unsigned NOT NULL AUTO_INCREMENT,
  `vote_name` varchar(250) NOT NULL DEFAULT '',
  `start_time` int(11) unsigned NOT NULL DEFAULT '0',
  `end_time` int(11) unsigned NOT NULL DEFAULT '0',
  `can_multi` tinyint(1) unsigned NOT NULL DEFAULT '0',
  `vote_count` int(10) unsigned NOT NULL DEFAULT '0',
  PRIMARY KEY (`vote_id`)
) ENGINE=MyISAM DEFAULT CHARSET=utf8;
INSERT INTO `ecs_vote` ( `vote_id`, `vote_name`, `start_time`, `end_time`, `can_multi`, `vote_count` ) VALUES  ('1', '您从哪里知道我们的网站', '1213200000', '1274803200', '0', '0');
DROP TABLE IF EXISTS `ecs_vote_log`;
CREATE TABLE `ecs_vote_log` (
  `log_id` mediumint(8) unsigned NOT NULL AUTO_INCREMENT,
  `vote_id` smallint(5) unsigned NOT NULL DEFAULT '0',
  `ip_address` varchar(15) NOT NULL DEFAULT '',
  `vote_time` int(10) unsigned NOT NULL DEFAULT '0',
  PRIMARY KEY (`log_id`),
  KEY `vote_id` (`vote_id`)
) ENGINE=MyISAM DEFAULT CHARSET=utf8;
DROP TABLE IF EXISTS `ecs_vote_option`;
CREATE TABLE `ecs_vote_option` (
  `option_id` smallint(5) unsigned NOT NULL AUTO_INCREMENT,
  `vote_id` smallint(5) unsigned NOT NULL DEFAULT '0',
  `option_name` varchar(250) NOT NULL DEFAULT '',
  `option_count` int(8) unsigned NOT NULL DEFAULT '0',
  `option_order` tinyint(3) unsigned NOT NULL DEFAULT '100',
  PRIMARY KEY (`option_id`),
  KEY `vote_id` (`vote_id`)
) ENGINE=MyISAM DEFAULT CHARSET=utf8;
INSERT INTO `ecs_vote_option` ( `option_id`, `vote_id`, `option_name`, `option_count`, `option_order` ) VALUES  ('1', '1', '论坛', '0', '100');
INSERT INTO `ecs_vote_option` ( `option_id`, `vote_id`, `option_name`, `option_count`, `option_order` ) VALUES  ('2', '1', '朋友', '0', '100');
INSERT INTO `ecs_vote_option` ( `option_id`, `vote_id`, `option_name`, `option_count`, `option_order` ) VALUES  ('3', '1', '友情链接', '0', '100');
DROP TABLE IF EXISTS `ecs_wholesale`;
CREATE TABLE `ecs_wholesale` (
  `act_id` mediumint(8) unsigned NOT NULL AUTO_INCREMENT,
  `goods_id` mediumint(8) unsigned NOT NULL,
  `goods_name` varchar(255) NOT NULL,
  `rank_ids` varchar(255) NOT NULL,
  `prices` text NOT NULL,
  `enabled` tinyint(3) unsigned NOT NULL,
  PRIMARY KEY (`act_id`),
  KEY `goods_id` (`goods_id`)
) ENGINE=MyISAM DEFAULT CHARSET=utf8;
INSERT INTO `ecs_wholesale` ( `act_id`, `goods_id`, `goods_name`, `rank_ids`, `prices`, `enabled` ) VALUES  ('1', '21', '金立 A30', '1,2', 'a:1:{i:0;a:2:{s:4:\"attr\";a:1:{i:120;s:1:\"0\";}s:7:\"qp_list\";a:2:{i:0;a:2:{s:8:\"quantity\";i:50;s:5:\"price\";d:1700;}i:1;a:2:{s:8:\"quantity\";i:100;s:5:\"price\";d:1680;}}}}', '1');
-- END ecshop v2.x SQL Dump Program 